ID,measurement_day,obs_score,true_score
1,1,2.9981980734828393,2.9700235399874573
1,72,2.9688822707994453,2.9712527048158344
1,144,2.9857571522410358,2.9965238402162977
1,216,3.1857062017822733,3.181366383561694
1,288,3.2622044134165398,3.276560202211453
1,360,3.3078767622370924,3.2828459329193684
2,1,3.0078408905134584,3.0452162307394337
2,72,3.0386661910729056,3.045447794783486
2,144,3.0309159743126575,3.056724604557571
2,216,3.221779468465054,3.1927561499005486
2,288,3.236369496065935,3.236419840571063
2,360,3.259170207558021,3.237519770165389
3,1,2.8771129200620082,2.9255704072291167
3,72,2.939209051610249,2.9259688174701726
3,144,3.02040919028273,2.9376139719968677
3,216,3.150235176658746,3.1207271182566965
3,288,3.3340125704956165,3.319908124435692
3,360,3.3950091924994568,3.3337639487601938
4,1,3.0307032722228318,2.9888441624626263
4,72,3.0065528682553375,2.989745722972119
4,144,2.965337376711155,3.0109460491137514
4,216,3.203971486134478,3.207958845377582
4,288,3.345649429629085,3.3285870703623335
4,360,3.398185675000457,3.336216638268569
5,1,3.04065044593166,3.068865559976488
5,72,3.055356794262393,3.0690972481002303
5,144,3.1088369698302456,3.0855079208865317
5,216,3.3211102110016397,3.2831206843192278
5,288,3.2851286735966037,3.3229596719512804
5,360,3.316517729650057,3.3235851793939446
6,1,3.0803497108199696,3.017399864928874
6,72,3.0188424221759895,3.0174775513485828
6,144,2.9707324167545415,3.022885017352721
6,216,3.181499357113352,3.1801708146423717
6,288,3.302778816183602,3.290519719211286
6,360,3.3058706041428825,3.2931543384653392
7,1,3.1019370715890435,3.0536014354290852
7,72,3.052101275449083,3.0537516926943975
7,144,3.1191613276084462,3.0596220881973815
7,216,3.2178263984075226,3.192622757017393
7,288,3.3905870610089557,3.366200443820302
7,360,3.3911110572414804,3.376335717121532
8,1,2.9272816347962065,2.9522805656050273
8,72,2.9094616139382556,2.952314453523712
8,144,2.9545433618983035,2.957846000755334
8,216,3.234833505402234,3.220801928016288
8,288,3.3316212054444843,3.3279897514850805
8,360,3.309792076122979,3.328897557841329
9,1,3.0403026916404707,3.0611615801814924
9,72,3.0897452448862652,3.06185167493756
9,144,3.151839377340705,3.085511699821604
9,216,3.25758318884226,3.270620545471864
9,288,3.320344050669207,3.323450647560685
9,360,3.320643061957128,3.3252165411229595
10,1,3.0082016962156137,3.061957871751542
10,72,3.0777898205766183,3.06227970223849
10,144,3.0690885009122266,3.07726409927713
10,216,3.1965895892775884,3.248302473464711
10,288,3.2839245785649855,3.3023948611308764
10,360,3.290646830203721,3.30380889223329
11,1,2.910049272970139,2.9344550426525733
11,72,2.9119039305770666,2.9367387409266845
11,144,2.9904333496028586,2.968199552485784
11,216,3.2069370754185855,3.1674262957291535
11,288,3.303043803279606,3.3175146557383304
11,360,3.3367185349230564,3.334700642585313
12,1,3.0440866322167413,3.0426775657121263
12,72,3.047060589920087,3.0458309603603606
12,144,3.1000275069492798,3.084077970938381
12,216,3.220715484454703,3.2313719032318766
12,288,3.2533596865271863,3.2927412104147615
12,360,3.3145481618008237,3.2985072168467395
13,1,3.001465376566925,2.9933944414298943
13,72,3.0272001044133283,2.996272161365563
13,144,3.0528297694441116,3.042748054514439
13,216,3.214495263814776,3.243189659705532
13,288,3.2858467621499208,3.3107277179755084
13,360,3.3074302453160107,3.3153011367014815
14,1,2.998539824269261,3.0148114403523945
14,72,3.036381726612677,3.0149122383696505
14,144,3.035844811565597,3.023734041695369
14,216,3.209575876785996,3.2002054373658195
14,288,3.241975784172897,3.251775908222048
14,360,3.217305861357953,3.2525035382050174
15,1,3.0610918404124647,3.048729948705512
15,72,3.067764433541611,3.0515653368961666
15,144,3.1122323917352825,3.0867813968330267
15,216,3.242035250921501,3.245392918892778
15,288,3.3068458898312754,3.3258345671082368
15,360,3.3297693769931334,3.333999184700564
16,1,3.0311923571996195,3.0144405575136446
16,72,3.028535986187803,3.014526088892345
16,144,2.9909687176453548,3.0229685298251616
16,216,3.234435592094114,3.2075616651738654
16,288,3.2615808158430726,3.2594556304664124
16,360,3.2811456946291306,3.260101614274975
17,1,3.0678693677228406,3.0072997834233135
17,72,2.9845250847281437,3.007772837093164
17,144,3.006611040873902,3.023074555735448
17,216,3.1978065405160088,3.204618959478887
17,288,3.302086453298263,3.3051127144854178
17,360,3.298505424196864,3.309631380332045
18,1,2.9813069676591977,2.9788271280647107
18,72,2.9227479621870596,2.9791196446225223
18,144,2.917899446397347,2.9933135842171676
18,216,3.2147832903926634,3.233521241186585
18,288,3.294656437585209,3.358427148661131
18,360,3.378329861026631,3.3621592069290602
19,1,2.958772601220405,2.9482722181029044
19,72,2.9608908772474667,2.9497638350934174
19,144,2.993695701609269,2.9655745054843012
19,216,3.0966819867143034,3.0632141439723855
19,288,3.204995856638808,3.1751094594298053
19,360,3.2149212905147193,3.1963767771315297
20,1,3.021403814544648,2.9845218207372883
20,72,2.9730601047898246,2.98575716730033
20,144,3.0691887231867674,3.0115131417129977
20,216,3.24800694910468,3.2201881756014217
20,288,3.36991399798653,3.3435588129213447
20,360,3.379622230861313,3.352128855143377
21,1,3.0426800050511686,2.9927383119947795
21,72,2.9925954420126795,2.9945144921213296
21,144,3.0258183061214172,3.0242188120197295
21,216,3.1882550032801884,3.1913938345577586
21,288,3.248035883005529,3.269431868067127
21,360,3.2580956438795585,3.275344466140859
22,1,2.929624406047135,2.974645498566312
22,72,3.01683310822576,2.975638654191548
22,144,2.9932536781108174,3.0010571071765657
22,216,3.2270292639878835,3.2333978885448444
22,288,3.3878988999482926,3.355401006865394
22,360,3.3640938543102075,3.362063598387476
23,1,2.9249131858006017,2.9677320599771293
23,72,2.898389892513085,2.968057824373585
23,144,2.9695924069005293,2.984042405438318
23,216,3.218205272236464,3.2484575474035995
23,288,3.4040983595553507,3.3791359213350383
23,360,3.363116004238734,3.3829243234516446
24,1,2.9857627807805383,2.996813597881411
24,72,3.0091313182328143,2.99964009770197
24,144,3.0201910325333117,3.0588332011203656
24,216,3.3443179563734087,3.3295380980257185
24,288,3.381472344811883,3.4009817678410132
24,360,3.4307615025284526,3.404533100827819
25,1,2.989078587384255,3.008736672140331
25,72,3.0095502886841783,3.0093404419299565
25,144,3.0316183451347,3.0298379003001146
25,216,3.204093246447542,3.269075091530834
25,288,3.362523836389628,3.3892872049278067
25,360,3.383689429944954,3.3942509591644066
26,1,3.0740920462443633,3.0831767913236705
26,72,3.030525072973426,3.083536483337794
26,144,3.1153465109083704,3.094434693006014
26,216,3.1630244289403597,3.2011551685659856
26,288,3.196261566479449,3.2498567423019185
26,360,3.2497870265131534,3.25200694917877
27,1,2.9886728609476108,2.9916346201299278
27,72,3.002167261278667,2.992746134354173
27,144,3.005183313405832,3.0185243495091214
27,216,3.216325295945978,3.2130451433384652
27,288,3.236250065002135,3.3014581762428885
27,360,3.324229756413071,3.306424577367436
28,1,3.011553828109063,3.1009041385268716
28,72,3.0758840401885887,3.1017479116130255
28,144,3.091546044778994,3.1185697732024167
28,216,3.2057734966184603,3.247162289722606
28,288,3.3098015428692316,3.3213531539557684
28,360,3.354296925174911,3.3266589470154
29,1,2.9617228130287225,3.0126185112174393
29,72,3.0069020181293964,3.015936563311387
29,144,3.015713403968067,3.059096744029274
29,216,3.206332804086609,3.202409623663503
29,288,3.2483978707238648,3.247080176321778
29,360,3.303307968866175,3.2505534918712526
30,1,2.9560980395799543,2.9439110880839827
30,72,2.9412155601945678,2.9444232267347434
30,144,2.9809722148927142,2.977879983565825
30,216,3.2760234318987633,3.28334132041419
30,288,3.3156085131257504,3.332148324158978
30,360,3.3355253009698513,3.332930495442557
31,1,3.032859387088881,3.0145980236260423
31,72,3.060724610973714,3.014773918099824
31,144,3.034911872290971,3.024661016978665
31,216,3.255376384929423,3.224904360463303
31,288,3.28503973867643,3.3348098453141293
31,360,3.3481865715717434,3.3377234027904263
32,1,2.9978108988870176,2.9500549098441544
32,72,2.952575471957752,2.957954803499507
32,144,2.945812295163166,3.043029030128927
32,216,3.307571122663266,3.2736882968309864
32,288,3.325611147986473,3.3429731956822453
32,360,3.346516942912497,3.349074717352953
33,1,3.056649845304761,3.027929814918155
33,72,3.033140979460834,3.0285306111017283
33,144,3.0394863645661006,3.0504583132888246
33,216,3.259906681303194,3.258528873314724
33,288,3.30313747113201,3.329145629633214
33,360,3.3952998527351084,3.331506967974498
34,1,2.909730828349215,2.9508451107810725
34,72,2.938100113276853,2.952324607186977
34,144,3.014846915707199,2.981543219578092
34,216,3.2292487546522946,3.2131059128798225
34,288,3.3470947119996604,3.356687202490072
34,360,3.4046377208791982,3.3674068618866717
35,1,2.933127522986842,2.9556250561255535
35,72,2.9858490850713983,2.9558077674020686
35,144,2.9853700313550773,2.967718975547544
35,216,3.2402201136553646,3.237245283515723
35,288,3.4242904414909607,3.377435159802624
35,360,3.3958615809247092,3.380590695608182
36,1,3.035660220578803,3.0445081783028685
36,72,3.0034721348567794,3.046697332256404
36,144,3.0443806053317783,3.083001214199403
36,216,3.2419397149622062,3.2523686848867412
36,288,3.379037426601645,3.3137161025482564
36,360,3.2579063382733233,3.3179063174361314
37,1,3.0617255857087495,3.0914384786624884
37,72,3.1142935180776763,3.0919719481100114
37,144,3.0692901347221397,3.1037408183626507
37,216,3.1714953731263718,3.2221737533815076
37,288,3.3153728414747143,3.314182017820863
37,360,3.3422382105050596,3.3211309745421342
38,1,2.9676504842435842,3.0002871990095272
38,72,3.0708818858853784,3.0005967402105553
38,144,3.0364261982869367,3.0229617122902646
38,216,3.228157300463508,3.2414558920499337
38,288,3.2897808506656823,3.2751113575460438
38,360,3.3005324354644454,3.2755997095943776
39,1,2.963182600914649,2.9490564310771274
39,72,2.940953938444879,2.9521901336598715
39,144,2.9968731881385064,3.007006356054593
39,216,3.3199279785448548,3.279272732411097
39,288,3.341640490676727,3.3795458234718523
39,360,3.3927043455870014,3.3861420423857767
40,1,3.0090937323506033,3.0356534184453037
40,72,3.0849235253039327,3.035924869972351
40,144,3.0345636085267382,3.050764429235762
40,216,3.26383204597394,3.269865535884203
40,288,3.396929750823299,3.3490631545185674
40,360,3.3511724681627513,3.3509216811087064
41,1,3.0267595159937164,3.036257790265534
41,72,3.038235478479116,3.0363977238240887
41,144,3.061232558787316,3.0483662104478837
41,216,3.2408730299151083,3.246119132080029
41,288,3.2926746069362194,3.2928335708218066
41,360,3.309122417460242,3.2934719378050485
42,1,2.960972625796091,2.983722669864242
42,72,3.020009230619635,2.984589474362377
42,144,3.03749453548543,3.007002817469768
42,216,3.1937200964228483,3.2143561502194022
42,288,3.3434514420402066,3.3235970047755625
42,360,3.3278870701015024,3.329515235231675
43,1,3.043551144013124,3.0199483599145207
43,72,3.0282496685834945,3.020721766192602
43,144,3.0690052074477916,3.062400438583388
43,216,3.33122463084931,3.328385475225371
43,288,3.33498920508349,3.3634169943111005
43,360,3.354100891513271,3.3640533748736408
44,1,3.0052780461980597,2.982011338082369
44,72,2.9843763216436283,2.9821809560768866
44,144,2.9995944281100773,2.991965420974816
44,216,3.257268429129085,3.2089378602914964
44,288,3.3499533134081183,3.3409296575948844
44,360,3.3191067825229488,3.3444877573806737
45,1,3.0914458721755724,3.0488643610524653
45,72,3.0268396724214277,3.052363963483743
45,144,3.1085139891245257,3.1122807577188563
45,216,3.3090754709233066,3.348514494201142
45,288,3.4101652037457497,3.414381815791344
45,360,3.3645411113867816,3.4183195943780857
46,1,2.979126033025467,2.9436381227973016
46,72,2.9809977093044515,2.9445385477652644
46,144,2.972255556078377,2.9656590107629635
46,216,3.172600333813608,3.152283810558228
46,288,3.230847734233248,3.2581604013323933
46,360,3.2526676818479316,3.264640820090322
47,1,3.1491642756150418,3.0597787718785567
47,72,3.0283366951364745,3.060193026739188
47,144,3.0718796823998846,3.0813232533007953
47,216,3.3474046494869527,3.3111100518759327
47,288,3.416548447510864,3.3719417336462354
47,360,3.322868377016721,3.373328809159621
48,1,2.9328531770965527,2.973875282608588
48,72,2.9906308546099183,2.9738937213627383
48,144,2.9492686666441825,2.9767074152095487
48,216,3.1932296623016554,3.173162737884779
48,288,3.3634129017642223,3.337036190409376
48,360,3.2661089878323297,3.338989342558222
49,1,3.0743905226745962,3.0771759434255808
49,72,3.1183428460197353,3.077242773066283
49,144,3.1338686458113663,3.0815510630434972
49,216,3.199775315822512,3.2177314685046357
49,288,3.3221719938811893,3.3450914891093886
49,360,3.370589096325431,3.348852052550309
50,1,2.9651650517964,3.008480055985167
50,72,3.0401747369652754,3.00886498281788
50,144,2.9766709374826466,3.0208042895312746
50,216,3.2161793898305384,3.1816382500616234
50,288,3.35538881568973,3.298769723377158
50,360,3.295572015944293,3.304976952668316
51,1,2.9744630426191647,2.9698958990737223
51,72,2.989064213369825,2.9700482193509843
51,144,2.9526891547365683,2.9824121226902083
51,216,3.2557717199556975,3.266710552848997
51,288,3.3691667469205897,3.3772974254904686
51,360,3.3662482302749153,3.3791197433345435
52,1,3.125707126961875,3.065877812764789
52,72,3.053809371376314,3.0669443034326056
52,144,3.069641878562513,3.086310474539543
52,216,3.18244813000171,3.207015650574439
52,288,3.2327042507764947,3.265401948904537
52,360,3.2811515631081267,3.2695865277042584
53,1,2.975060443204171,2.916050779501207
53,72,2.9106318143067016,2.916117609354708
53,144,2.9279654633341505,2.9213692040784505
53,216,3.0883658861273657,3.1209985560784856
53,288,3.2466595695920444,3.303829111648029
53,360,3.3699626444081012,3.3082243216260268
54,1,2.9458769106418066,2.9254660727281974
54,72,2.923012020110046,2.9274979376906383
54,144,2.9733728116460654,2.9697164475431674
54,216,3.22920110311276,3.238710496082271
54,288,3.3619122449735377,3.3502580908743385
54,360,3.3656343882141657,3.3569072848562964
55,1,3.0772725618142256,3.074416871918872
55,72,3.067565564353454,3.0744254414137036
55,144,3.0340952600505626,3.07598630165197
55,216,3.1962764317850074,3.1852443198047165
55,288,3.2235491826930014,3.25288422034193
55,360,3.2967992231014547,3.2534792058384867
56,1,2.941590660166949,2.94482725572631
56,72,2.9381440487688057,2.9451464921517725
56,144,2.9478763764942295,2.971126485762196
56,216,3.347114161974901,3.3320930554727966
56,288,3.3503673466311854,3.4053872788692554
56,360,3.433071927867088,3.4064003081914556
57,1,3.0127267834624027,2.967822564588227
57,72,2.9880176975452364,2.96873568051485
57,144,2.983752735783176,2.9860871286716377
57,216,3.163014231318958,3.1376831848995335
57,288,3.2941491970719747,3.2556929907349286
57,360,3.3398257521843324,3.2659476309681352
58,1,3.0866337107558777,3.076813656753907
58,72,3.0579829541203085,3.077640636052289
58,144,3.098694835123137,3.099858984077482
58,216,3.326251865675487,3.3029645981108327
58,288,3.3797320387311633,3.4023613431107496
58,360,3.393465681264518,3.4074010676908477
59,1,2.925732980787058,2.9853127691751977
59,72,2.9816888842584977,2.985778114721264
59,144,2.969845826005216,2.998680176077651
59,216,3.1451121304959546,3.1634778983093845
59,288,3.3093584019212763,3.2958220709358237
59,360,3.2731740337522837,3.3040165551110947
60,1,2.9366957201805723,2.928299967477803
60,72,2.860173864290236,2.928302049400497
60,144,2.941908700351842,2.92969948903745
60,216,3.2263683788439463,3.2191799043807325
60,288,3.2971399180930194,3.3481445378920327
60,360,3.3363777521240134,3.348421152418164
61,1,2.9144237128550365,2.961946125565899
61,72,2.961755457467325,2.9628185453013383
61,144,2.9658503256947473,2.9885519694125033
61,216,3.2211865002183435,3.2257996022266076
61,288,3.3335099939604795,3.3288286105905893
61,360,3.309206915079126,3.333401059881771
62,1,2.991472704801895,2.9820021532838608
62,72,3.0032741366613402,2.982564952239908
62,144,3.0161672632313943,2.999336208091744
62,216,3.2494192562693125,3.2011123710726213
62,288,3.3197466186811564,3.3307883876496844
62,360,3.363068152339551,3.337515587276384
63,1,3.0420824701347877,3.0110383127796934
63,72,2.9459223124458,3.0111336871244743
63,144,2.992231317852214,3.0192348875484347
63,216,3.1873410348877003,3.194981351333973
63,288,3.198207313490409,3.2543823887824406
63,360,3.2457901329061905,3.255280457501375
64,1,2.9370943642917977,2.982643493287986
64,72,2.961990069889397,2.983787192505797
64,144,3.0078065630348316,3.0133055012413905
64,216,3.2548535627780835,3.2308780932672225
64,288,3.265655401830543,3.3135686099112793
64,360,3.3174414071565015,3.317501591907306
65,1,2.9848074323092946,2.984993232159073
65,72,3.0347256755589425,2.98602866076534
65,144,3.0248242809658157,3.0020723000269656
65,216,3.1238956560357236,3.1205633145648526
65,288,3.2291021811957745,3.2170539663090687
65,360,3.2441938057188024,3.2274321041668883
66,1,3.04968056025012,3.021418533954169
66,72,3.053206062329441,3.0214213414238196
66,144,3.0793494469559897,3.02494638435297
66,216,3.3513382107461,3.3967383905260826
66,288,3.468466853489844,3.43080689916815
66,360,3.441569082970933,3.4308362449878422
67,1,2.9613675081176405,2.9775184730478075
67,72,2.957274790975267,2.978178890786789
67,144,2.985021045454413,3.005328922201825
67,216,3.192572487702632,3.239037970479323
67,288,3.334410322714613,3.2991783199540863
67,360,3.299097910084853,3.3008333692678473
68,1,3.02284854038554,3.026683350763951
68,72,3.0613628555867884,3.027568680104648
68,144,3.011123134899248,3.0541833181006885
68,216,3.2656580951249508,3.214572596417948
68,288,3.208080855266261,3.2532510125499057
68,360,3.2581209311493207,3.2546256849737842
69,1,2.9997930005663678,2.9859900961755788
69,72,3.040806652268092,2.986910203139093
69,144,3.038718366752774,3.026948999314167
69,216,3.228432332657771,3.2915800558570774
69,288,3.3032791628283062,3.3377830192305793
69,360,3.301710976550783,3.33886802286413
70,1,3.00216256544821,2.995061122253534
70,72,3.008423917072403,2.9966435224096135
70,144,2.98813646642513,3.0202204303845854
70,216,3.163182425868709,3.174614748246526
70,288,3.3134327524213902,3.2831894200965164
70,360,3.28535422225932,3.294343470896998
71,1,2.8614747740268403,2.9053441094954406
71,72,2.8822186289182925,2.9061423546205276
71,144,2.8998559988940835,2.930466761387705
71,216,3.1620975407632534,3.1726121980817306
71,288,3.2589643525632135,3.28488830858224
71,360,3.329325807098415,3.289850515116057
72,1,3.009441889536212,3.0311663230479833
72,72,3.0116001261545224,3.031192239782583
72,144,3.0034232692511558,3.0355562807005296
72,216,3.2121761279189003,3.189100581934645
72,288,3.192058582790617,3.229377148562448
72,360,3.2483535378769717,3.229671261931898
73,1,3.046167976163445,3.0261611351903723
73,72,3.0177868625259947,3.0262340723651198
73,144,3.017460708853773,3.0310245148275605
73,216,3.1807237731600733,3.1814667939827648
73,288,3.3201457527785267,3.315633606023794
73,360,3.3030161030804814,3.3194305353726272
74,1,3.005044516824019,2.998863062373213
74,72,2.9936905284969755,3.001235345178993
74,144,3.0679201842270825,3.044085763480429
74,216,3.193599758696146,3.215670915828398
74,288,3.2646289579805843,3.2614141692458527
74,360,3.268208715781974,3.2639881647353444
75,1,3.0692625835345515,3.0279151150116097
75,72,3.0228731227392043,3.0297591808967885
75,144,3.0359987222845244,3.061520055138771
75,216,3.2662369572660612,3.2382559866845764
75,288,3.325579113494844,3.316190316446778
75,360,3.2956211886888327,3.3218024093611036
76,1,2.90963600062969,2.94359820102486
76,72,2.903716055908537,2.9444739132108664
76,144,2.97305727299694,2.9774913633368376
76,216,3.260232008403074,3.2852711156357484
76,288,3.4167117003347,3.38308502065028
76,360,3.3605521168869243,3.386192374566799
77,1,2.999254417871754,2.977501467669157
77,72,3.0164610984122273,2.9809413535650626
77,144,3.048049881361988,3.0284348765773443
77,216,3.1992063950013874,3.24278356857589
77,288,3.3513661567411397,3.3371000265569255
77,360,3.330483559541415,3.345280372871781
78,1,3.0676767892058057,3.02189993252981
78,72,2.9974558547929884,3.0232962102597627
78,144,3.0734746332240785,3.048187904616682
78,216,3.2265177029484398,3.232851422758482
78,288,3.3856992977624887,3.353367986636372
78,360,3.367339758507511,3.3634957155805365
79,1,3.019395465564868,3.005993766195044
79,72,2.9687771353424637,3.006470185868235
79,144,2.9791907766711954,3.0245944313243016
79,216,3.270791615488145,3.229080919243503
79,288,3.2793747812313088,3.3123427273921204
79,360,3.272125434907427,3.315197570121509
80,1,3.0245328673554304,3.025792701966282
80,72,3.0548303106456856,3.0262314737853147
80,144,3.0558154455287645,3.042019109513085
80,216,3.257733428584024,3.2690741475475695
80,288,3.3515441918815765,3.4138930331245096
80,360,3.426210783657108,3.4201577805930654
81,1,2.9230967036327367,2.9189645961244843
81,72,2.896489135824011,2.919398456001461
81,144,2.887432046505628,2.9350921717054606
81,216,3.2008115103117127,3.162526015503755
81,288,3.3030178606377083,3.308177465907036
81,360,3.3218694871767993,3.314458059522046
82,1,2.99926733169908,3.04075530681597
82,72,3.0689594739269066,3.041773743485323
82,144,3.1301829528579472,3.0792574729504554
82,216,3.2873354508809074,3.3170733198782276
82,288,3.4066757067869173,3.365106090426212
82,360,3.351967874958495,3.366464348095757
83,1,2.916578082631114,2.957210825579215
83,72,2.9646922573407766,2.9586734501736545
83,144,2.918323377107333,2.983175984018448
83,216,3.1774431865557378,3.15147968442695
83,288,3.2807979114334227,3.2580925578552824
83,360,3.258337468754096,3.2674264913530813
84,1,2.8636443743572992,2.9167921757111674
84,72,2.9370494631560056,2.9169614443389427
84,144,2.8670873442869524,2.9345625382390343
84,216,3.218673276300665,3.2287235415078057
84,288,3.289839811536272,3.284459244284425
84,360,3.284095097382894,3.2850618994927157
85,1,3.070140161245802,3.0422888781652864
85,72,3.093532881204507,3.043863016242086
85,144,3.0541131839209563,3.063416122343849
85,216,3.147784367854308,3.180886498929758
85,288,3.23774741168372,3.2765536965652005
85,360,3.2979143441874696,3.2891334169099373
86,1,3.0703569060303844,3.079334573759483
86,72,3.0463390922592684,3.079672289635254
86,144,3.0897888037398786,3.095231641426656
86,216,3.3077983485643903,3.2989475834051682
86,288,3.3725504182413744,3.3775668125083937
86,360,3.4382180520286276,3.3797803820939123
87,1,2.978195981745541,2.968142577138111
87,72,2.9689044744276876,2.9686461360307157
87,144,2.966049255147335,2.987188992385193
87,216,3.1411497945283955,3.219472909175919
87,288,3.329896506166085,3.334731023819647
87,360,3.3039289317428704,3.339119937403329
88,1,2.9390112753830286,2.9563893217122654
88,72,2.947337560567358,2.957892170836157
88,144,2.9825037356469957,2.9927087431234267
88,216,3.2127663775137068,3.244801979190208
88,288,3.3431649370568715,3.352919353618238
88,360,3.3623544593514243,3.3588551973374896
89,1,2.9895083694916353,2.9757530220349295
89,72,2.946621165749683,2.9758827624574593
89,144,2.998458501809441,2.9846607743012328
89,216,3.2217205503050748,3.206451644694693
89,288,3.3115602032320477,3.335778010717397
89,360,3.333690285888335,3.3387141428696756
90,1,3.082497569896579,3.056176527745891
90,72,3.0813663666490148,3.0561959963971868
90,144,3.053488601993088,3.058185773644345
90,216,3.1552841885147047,3.17130454232
90,288,3.2888778506826384,3.3102360499873185
90,360,3.31420247772801,3.3132496343445275
91,1,2.9855264445656617,2.9870010325578478
91,72,3.0261865719855376,2.987118039491552
91,144,3.0172466894635437,2.998448016430222
91,216,3.258549121169585,3.2283082074958926
91,288,3.257679905781786,3.288496419979005
91,360,3.315538926321485,3.289245975226834
92,1,2.8583535146308003,2.8602740505377335
92,72,2.9014434664734763,2.861489813108034
92,144,2.867946678489733,2.8878606975493755
92,216,3.1393355530781886,3.12420660837065
92,288,3.285156870674846,3.2789952816046295
92,360,3.3323844862902017,3.2898870711691637
93,1,3.0260367232858125,3.0234469686461822
93,72,2.995698023207955,3.0238552576375066
93,144,3.001704070199727,3.0366494036444256
93,216,3.1766119362328626,3.164209284482528
93,288,3.23321680836255,3.221195608263393
93,360,3.216091862629431,3.22361479675004
94,1,2.9597933417098297,3.0350058555017174
94,72,3.0446833333596848,3.03557454047045
94,144,3.029190626402583,3.0499743903237118
94,216,3.1871187600966246,3.188019006722976
94,288,3.231078474150269,3.267314757198387
94,360,3.28575148476118,3.271864163449616
95,1,3.026910064439698,2.9885327686150127
95,72,3.0541087585257913,2.9887790078634096
95,144,2.968215677383857,3.0026750553800468
95,216,3.2992045366029705,3.223031257786932
95,288,3.2933256292177626,3.307192775203072
95,360,3.3139500517151173,3.3091437973296447
96,1,3.0481852352170717,3.009342814745976
96,72,3.0012098691661233,3.0099234988418506
96,144,3.027477974971875,3.0304659325265635
96,216,3.24530056734826,3.245886498254427
96,288,3.3668818188442753,3.3333110738669243
96,360,3.3762114764708486,3.336512986730868
97,1,3.035786948463102,3.0685062815809325
97,72,3.0747441283107824,3.069396443596425
97,144,3.096594208227195,3.0884051619544497
97,216,3.2877288434246728,3.2297279654365734
97,288,3.3027785584856475,3.300354574004338
97,360,3.262829004164174,3.304802773536585
98,1,3.0545841123357023,3.0488206166185963
98,72,3.0611813966666857,3.0493489633380935
98,144,3.0907527492111337,3.067202446565039
98,216,3.2512630976488297,3.2396875432780488
98,288,3.290548667878995,3.3061283497967207
98,360,3.3425282060152894,3.3086189058316497
99,1,2.997185989415349,2.9895437566086183
99,72,2.9906980598859074,2.9898115220486443
99,144,3.0203552961265316,3.000912944224329
99,216,3.233109774091001,3.192670298187984
99,288,3.379495419013985,3.324459101805153
99,360,3.356086832240008,3.329609478926897
100,1,3.017179918712768,3.0395511662053267
100,72,3.0271222994535085,3.042952277441664
100,144,3.070103710431598,3.0842659605179397
100,216,3.2168940420566234,3.2384265131420147
100,288,3.3228643030566687,3.2997450257806245
100,360,3.3146107262966846,3.305372977865783
101,1,2.978042668002817,2.960324245053423
101,72,2.96529418300061,2.962569753122194
101,144,3.0137151258112445,2.99772626104211
101,216,3.2040903201182416,3.1759348511302457
101,288,3.2575041255596684,3.254152139479377
101,360,3.311953432635396,3.260249766872712
102,1,3.006154420984133,3.008071277576181
102,72,2.9694608798241067,3.012398706337938
102,144,3.0714772195126607,3.059720372884648
102,216,3.2602923211224537,3.2323187397702133
102,288,3.293341568615424,3.3085825246501424
102,360,3.3260261273287757,3.3165953152014627
103,1,2.9394924090138526,2.9160376305496643
103,72,2.9088392308828372,2.9166671698976514
103,144,2.9661355263766462,2.9389451481238096
103,216,3.1696216609054537,3.20257090337279
103,288,3.2934046512872386,3.3298808639185693
103,360,3.3044639178567996,3.334858815371015
104,1,3.066674391659098,3.052342970630753
104,72,3.0253365014836975,3.054162540209124
104,144,3.0655021782797265,3.0814213988025925
104,216,3.2346211009075234,3.2177077732815715
104,288,3.270462914728278,3.279972517801108
104,360,3.2986198633956643,3.285104668993197
105,1,3.0471241706839627,3.0358762955678813
105,72,3.0113299925393324,3.0400859354640684
105,144,3.0715844352116184,3.078606393277421
105,216,3.1772991532058192,3.2074629899630454
105,288,3.2652626758107357,3.271095528615375
105,360,3.192442696225988,3.279254622737775
106,1,3.0064698590938232,3.0356256587602184
106,72,3.0147842295494076,3.036486585669266
106,144,3.0525764073667427,3.0601235651417826
106,216,3.342105455653618,3.294286234846168
106,288,3.4577469967195524,3.4196660183747
106,360,3.3823119318893045,3.426139068632062
107,1,2.9738967673915546,2.95589575214514
107,72,2.9440922326619896,2.9566347948016505
107,144,3.010026266270669,2.985956838217693
107,216,3.1843390581868767,3.1925592717567537
107,288,3.268488766748835,3.2359097932342644
107,360,3.2334331606794007,3.2370705746097483
108,1,2.937509524658384,2.9408879695023176
108,72,2.9160054521488803,2.94192812283319
108,144,2.9766158655444044,2.965797134635535
108,216,3.133161851246355,3.1441123408632663
108,288,3.2302291095820634,3.2251747629826704
108,360,3.2346862498520377,3.2297719757198715
109,1,3.0314581917267254,3.0680649289806983
109,72,3.0689477831656724,3.068143999455208
109,144,3.088513324752894,3.076181356134208
109,216,3.2157027701531535,3.2490226240938287
109,288,3.254602527027733,3.29486612600642
109,360,3.2988328578758916,3.2954128687137056
110,1,3.0595190616264487,3.047220795838087
110,72,3.049087314613045,3.048329832686854
110,144,3.0635287410741836,3.0660194761907613
110,216,3.2005686209923248,3.1960514410609075
110,288,3.2868095018173644,3.2960360134670976
110,360,3.2915293078692907,3.306176121524091
111,1,2.9843657900788703,3.010648173915566
111,72,3.0638213880102887,3.014035197425213
111,144,3.0363438678827928,3.060402912104507
111,216,3.2646982138062652,3.2461844241837094
111,288,3.2697686305575893,3.3160962555287887
111,360,3.328117462888798,3.3217779975473634
112,1,3.1069492399156946,3.0580354103556244
112,72,3.0532308027998845,3.058208237778404
112,144,3.053127935218613,3.066304873875868
112,216,3.1937568620610324,3.1955025561214043
112,288,3.223568116006383,3.260258090682841
112,360,3.3016271218756645,3.262230429441176
113,1,2.913474797978015,2.9583749656936935
113,72,2.9740590437164602,2.9599926659727496
113,144,2.9869441694113186,2.992536230298816
113,216,3.228874858253037,3.2158914073781606
113,288,3.314654554503778,3.323755405287658
113,360,3.3379627295764753,3.330813387464376
114,1,3.03430752499327,3.017312457905675
114,72,2.9949340134806883,3.018468912321591
114,144,3.053772124598863,3.043675706295858
114,216,3.183510792109239,3.192062683807741
114,288,3.208981908088018,3.2438497290271733
114,360,3.2363462303679764,3.246614224194483
115,1,2.9436910924898756,2.98221503325453
115,72,3.0197087841777144,2.982300296896311
115,144,2.9786391976937434,2.9894621634290077
115,216,3.2272513593267758,3.1997007813108977
115,288,3.3186844293471895,3.3107444700362025
115,360,3.3489389298072534,3.3127108352620764
116,1,2.881326342580907,2.93915207478339
116,72,2.970795294178582,2.9400851366780953
116,144,3.010849695976182,2.9644412127194495
116,216,3.1913393166785884,3.1912544302860915
116,288,3.2621758665124383,3.3102835720504014
116,360,3.314029400134371,3.316665650111622
117,1,2.9737581928542927,2.985895845027063
117,72,3.0132108177791332,2.985964111054958
117,144,3.014508733789075,2.9941477844741495
117,216,3.2349797728231056,3.2471290551653915
117,288,3.3439623791314017,3.3341207129009183
117,360,3.320822101041234,3.335068269646243
118,1,3.014837972335717,2.9704843139297052
118,72,2.96572150373799,2.9705558790963673
118,144,2.9194875388128714,2.97524551953459
118,216,3.1226624359552115,3.1057877747685563
118,288,3.1915683493568174,3.1998463684932266
118,360,3.1992300355041494,3.2022568049803355
119,1,2.9790700052123964,3.0029954564561665
119,72,2.99982707433178,3.003864596254523
119,144,3.0397486133221503,3.0278925325651986
119,216,3.21979835115801,3.2181344320960816
119,288,3.2984234084010176,3.2909630102429612
119,360,3.3143342999292544,3.2942297066989954
120,1,3.0085006729148716,2.9640107016755968
120,72,2.996849694383183,2.9657112336734306
120,144,2.9852849661135084,2.9951352926517107
120,216,3.2335019922870574,3.183787717604635
120,288,3.32201359619074,3.2858495306463644
120,360,3.307727540679654,3.2938861973001474
121,1,3.0571174145996585,3.0318309680607176
121,72,3.0412558172755277,3.0321797779451196
121,144,2.995038461578444,3.039390021213589
121,216,3.129280369664871,3.115142897981736
121,288,3.2140462530173792,3.186709108968955
121,360,3.2394121463649275,3.1931107176863387
122,1,2.9610513746407583,2.994680330188328
122,72,3.0132228141320287,2.994686430338775
122,144,2.9937952017091622,2.995843553109669
122,216,3.133977087446655,3.1150237053769403
122,288,3.2372825441653577,3.2551277268908416
122,360,3.2682049552771844,3.2567295467943986
123,1,2.956408607331855,2.9468792687741088
123,72,2.9089521077503377,2.9476797259192344
123,144,3.0072071446185578,2.966368062697836
123,216,3.1189543004232654,3.14861169591634
123,288,3.254028765238851,3.2707516745245933
123,360,3.2583890944519314,3.278871316760727
124,1,2.931110923499409,2.943836859860344
124,72,2.957057374681173,2.944858780078754
124,144,2.9830959500691434,2.970287562231
124,216,3.1846868814921403,3.204237234980523
124,288,3.300701987487939,3.3336048392820317
124,360,3.3226517912445974,3.341020100485546
125,1,3.077384437830646,3.124246373156089
125,72,3.064139428404327,3.1242527698230576
125,144,3.1101600338751276,3.1280401325984553
125,216,3.2668518241999234,3.294029040637594
125,288,3.290640776393747,3.3072760549141518
125,360,3.331831044910274,3.3072996809430486
126,1,3.0224830330964427,3.0474947223993682
126,72,3.0602840216091183,3.047823015108435
126,144,3.051937507801841,3.0687166840009032
126,216,3.3662507275607805,3.3411357895229092
126,288,3.433068966855388,3.4100413017612596
126,360,3.380492619304851,3.4113056026792217
127,1,3.024371412061469,3.0409901217769955
127,72,3.0024622333545774,3.041976071856566
127,144,3.1410135174345695,3.0813923507459084
127,216,3.404021981008896,3.360553315077222
127,288,3.380322483311907,3.418968815896701
127,360,3.372816503026432,3.4205213975468967
128,1,3.048886624519088,3.0372367494495576
128,72,2.977415081559802,3.037447100815144
128,144,3.0758638786133767,3.0505135314472076
128,216,3.3126355214063445,3.3056447740651254
128,288,3.447416804775316,3.4200779104919152
128,360,3.4326932826946077,3.4226343606191567
129,1,2.997409673845853,2.9906655384119913
129,72,2.9447000042475278,2.9906746093759553
129,144,3.0703010037375145,2.9927983418230975
129,216,3.2283267623000174,3.1883859461180863
129,288,3.3268475151032546,3.314394632718953
129,360,3.344685532655413,3.315272732331355
130,1,3.0208158973081187,3.0265554738123965
130,72,3.0092786292959866,3.0282911011440676
130,144,3.1214671382238346,3.049941034709928
130,216,3.1685328376739816,3.181222386600696
130,288,3.262549725234304,3.2891899889175495
130,360,3.2577371035359683,3.3034165935675928
131,1,2.9288230052135344,2.962201775018356
131,72,2.990792123006268,2.963348496819965
131,144,3.010473259917091,2.983592438405256
131,216,3.1524416726633184,3.1509813074718505
131,288,3.298100660270952,3.2847882026442248
131,360,3.290091406921934,3.297417737072208
132,1,2.975924464856312,3.010329195422744
132,72,3.0023209331762994,3.0108429606054266
132,144,3.018297008791237,3.028828306764037
132,216,3.2281791412580336,3.2467805518264714
132,288,3.3513579523699666,3.3575771229652522
132,360,3.3150331815802896,3.362043724413574
133,1,2.972605838692498,2.9712791789709248
133,72,2.9855169802119925,2.9713242168795575
133,144,2.9668209139277084,2.976599816345593
133,216,3.2215772783239447,3.186330408636266
133,288,3.2967968450319645,3.292796880141025
133,360,3.324114923229365,3.2941397324444974
134,1,2.9716311813333482,3.003633875745672
134,72,3.005928471115863,3.0036799928282996
134,144,2.994756109361664,3.010653735170595
134,216,3.2305569704771817,3.25562050940456
134,288,3.350439757442258,3.329154709992913
134,360,3.3025715861289973,3.3297708268462762
135,1,2.977302847532876,2.9880690635215905
135,72,3.010509393434268,2.988372814765084
135,144,2.984463914675309,3.006370376120673
135,216,3.227750190273938,3.2328993156280794
135,288,3.3374459762237354,3.292789678576677
135,360,3.2528918770064537,3.293978214134391
136,1,3.0027357246595634,3.0031489477594526
136,72,3.023254289977221,3.0034513151791273
136,144,3.0390493733258372,3.017144612375077
136,216,3.244908450928985,3.2481348142055997
136,288,3.337046806921466,3.380832965690904
136,360,3.4279136090710063,3.385240861044549
137,1,3.086231902518451,3.007066521760297
137,72,3.0110284142305668,3.0078820973804374
137,144,3.0225302321833802,3.027339149293332
137,216,3.222442456439139,3.2101865982061173
137,288,3.2928584899474975,3.3216613409129283
137,360,3.327942349080407,3.3286048279713554
138,1,2.962960168269689,3.0260965130842727
138,72,3.021145599777359,3.0260972821244554
138,144,3.0323206091603487,3.0271429906077807
138,216,3.343101746721848,3.3176409718648223
138,288,3.404824844799151,3.392166710126578
138,360,3.4028785686502876,3.392235349964782
139,1,3.044724308247999,3.0490678498471513
139,72,3.0151096323595437,3.0523728145083155
139,144,3.0876893890642183,3.084645920679576
139,216,3.2365102989221333,3.2095397199104387
139,288,3.30013621590166,3.2799704645462686
139,360,3.2783884405597625,3.289194306568117
140,1,3.0913805823982505,3.0676448813995405
140,72,3.1019340183944863,3.070251507615354
140,144,3.1065643747826326,3.118681840812334
140,216,3.3814862939314003,3.3603962489165204
140,288,3.41139411174012,3.443316013006835
140,360,3.4171413390178134,3.4483524663710066
141,1,2.9646402073478852,2.9647383426364198
141,72,2.932092482203231,2.9655672851895716
141,144,2.966702159074974,3.0007557056837246
141,216,3.2611875908803682,3.2569611364596898
141,288,3.2795453644541115,3.3086087080540136
141,360,3.2676852701896513,3.3098973547884922
142,1,3.056553665250205,3.015770147809459
142,72,3.006439381698032,3.016397713831583
142,144,3.05475411671393,3.035268642747731
142,216,3.311112907746548,3.2583910217512715
142,288,3.437602959589078,3.395806316274538
142,360,3.4830442083071604,3.402738852127376
143,1,2.9226101965475104,2.966262239334418
143,72,2.9740545000709773,2.9678595685289455
143,144,3.022023174003048,3.000542928107442
143,216,3.198721525741991,3.230893566737208
143,288,3.4395437621394547,3.343864433051462
143,360,3.3393354245481537,3.35119545083753
144,1,2.936498059790915,2.97546745492651
144,72,2.936789712304446,2.9759070346124856
144,144,3.016110031915162,2.996295427730596
144,216,3.205876219183238,3.2197829876472386
144,288,3.338284603793342,3.2871455072210027
144,360,3.2623805763408167,3.288886837827133
145,1,2.9789324646611672,2.973897915558096
145,72,2.9797674562178416,2.9746143170568726
145,144,3.0257807711717093,3.016059390471611
145,216,3.2946500153884988,3.263780791903403
145,288,3.2344051876869675,3.291812062892772
145,360,3.315470838701929,3.2922741759782417
146,1,3.037272475871117,3.046055812338701
146,72,3.074143093856894,3.0478109168478724
146,144,3.0096648695386716,3.0846139014892606
146,216,3.2927716966229243,3.2675974376216894
146,288,3.3253500128994347,3.3212530363584687
146,360,3.3160416677948072,3.324023582552906
147,1,3.0984825659431645,3.0621385832424055
147,72,3.057915213411743,3.0626882259263937
147,144,3.0678119819373126,3.0818762530248742
147,216,3.2333275978281626,3.23941390291808
147,288,3.266362312650413,3.286190422664022
147,360,3.315523550245982,3.287748660546213
148,1,2.9525530501907693,2.9506654786346123
148,72,2.979867410736508,2.9506835845432717
148,144,3.0066625248370262,2.9540090146407856
148,216,3.1735209496086187,3.216806339289068
148,288,3.4418850871419746,3.413540156040339
148,360,3.40146755566547,3.415397894912183
149,1,2.954661852088019,2.939330554805323
149,72,2.935923673981674,2.9393677241753626
149,144,2.9375216463318656,2.9444744338275033
149,216,3.186209368725401,3.2044098400452716
149,288,3.2699953421389227,3.3557605412476565
149,360,3.4032518932005456,3.3574777753254716
150,1,2.984739376878825,2.997077792905313
150,72,3.0031822169904903,2.9975160190770618
150,144,2.984322767146966,3.0188520621182375
150,216,3.316080128105894,3.299126492930525
150,288,3.4171096677694313,3.4000052085773063
150,360,3.351353647135547,3.40264083623431
151,1,2.9755880039770775,2.9938814496257007
151,72,3.006923141004113,2.994353987508627
151,144,2.9870039226276446,3.0113940659582474
151,216,3.270181095991731,3.2235870717368846
151,288,3.4070112832853927,3.3311853303209893
151,360,3.319378194716447,3.3353999692262697
152,1,3.0199342006199097,3.003729294764658
152,72,3.083732742550528,3.005426986601839
152,144,3.0376971788255953,3.039946585000083
152,216,3.278465251257476,3.2552563405384922
152,288,3.3771500746921204,3.3444646823617146
152,360,3.389594016429752,3.349881849788908
153,1,2.853045419808259,2.9092174172620657
153,72,2.9031367908903865,2.9121125401085015
153,144,2.9769640825777253,2.946596713541167
153,216,3.1665390118253005,3.14431548555149
153,288,3.2975353377944723,3.303058854278259
153,360,3.3313012376599844,3.324548773869594
154,1,3.0299533966198924,3.039628758600784
154,72,3.048586012465914,3.0398535657040515
154,144,3.0681242155523725,3.0523825410434933
154,216,3.2173211004527493,3.240014156306199
154,288,3.2547476194896783,3.307398951824352
154,360,3.3500172704358904,3.3089485855596132
155,1,2.88412563161017,2.8903176894119547
155,72,2.870425185715909,2.8904814735024043
155,144,2.8789622501370564,2.9096224465464315
155,216,3.234428875562273,3.2786183010126635
155,288,3.3659651934029307,3.350819281785168
155,360,3.3693409534937513,3.3515227668834653
156,1,3.0790362928498096,3.0683418244393246
156,72,3.071036459053677,3.0693381964435833
156,144,3.067649248029844,3.1028409586169694
156,216,3.334889098357874,3.308481949647848
156,288,3.361109398087551,3.3528647548100063
156,360,3.338413548823703,3.3542485614002846
157,1,3.0368973182877306,3.0515057276755515
157,72,3.0537078820737524,3.052059037883683
157,144,3.0573553471798136,3.070200935259845
157,216,3.2784478084635587,3.244021180576659
157,288,3.315088764621483,3.312958623836136
157,360,3.2702451899314946,3.315643153523405
158,1,2.9696700654117385,2.9767485286998805
158,72,2.9788355707553777,2.9767598098328625
158,144,2.9982110335830856,2.981152611632881
158,216,3.2754270884409595,3.27924615489963
158,288,3.3509747816264905,3.3419802057163883
158,360,3.362150867220561,3.3421725234204978
159,1,2.9573991779973134,2.929894672524038
159,72,2.960812439479724,2.930003528738932
159,144,2.883696639144942,2.936942482786143
159,216,3.1406196328249627,3.1492016135268854
159,288,3.3579011229728684,3.339636644296207
159,360,3.3318141824973293,3.3452033417187286
160,1,3.0402222830652197,3.0075703439832124
160,72,2.9864427916207137,3.0087367856036096
160,144,3.0780090148501755,3.033228206011755
160,216,3.2684387888442363,3.2384749327908957
160,288,3.317684846980631,3.3651992082855284
160,360,3.3288154945566313,3.374128029974158
161,1,3.0028403522608356,3.0147690564371348
161,72,3.109804615732604,3.014911775651261
161,144,3.049413551498363,3.027554674375628
161,216,3.1627348007012435,3.236631268074787
161,288,3.2885927911182433,3.2840035144109114
161,360,3.260623188311103,3.2846235733282247
162,1,3.0238114778223584,3.0426270386803527
162,72,3.075581037921279,3.0439434304655064
162,144,3.0449214978876746,3.0646022954486827
162,216,3.203285325713731,3.226088074133968
162,288,3.3646358935273453,3.3689337291806685
162,360,3.3976674516111838,3.384863359929217
163,1,3.0212167822695117,3.0275395250336365
163,72,3.0294052148964803,3.0276687689627106
163,144,3.02588477754947,3.0368085386058934
163,216,3.2476341397806316,3.248983173377752
163,288,3.325905443474957,3.3506612356077397
163,360,3.326104008660284,3.352714135502564
164,1,3.016651752127213,3.0107007413635545
164,72,3.013748628077333,3.0109990503774466
164,144,3.0112550648142786,3.025211451520745
164,216,3.2261224825435963,3.2380804131005325
164,288,3.380309700956341,3.3329387271842794
164,360,3.2817277138588485,3.335660231521882
165,1,2.8951717666379113,2.9459740607000913
165,72,2.955639190116991,2.946690770606152
165,144,3.0004386350708074,2.9736298001530086
165,216,3.2758021689029158,3.27461558298986
165,288,3.4137559290272943,3.397512021864774
165,360,3.408834347914966,3.401777401738199
166,1,2.928621593541346,2.9763742851761097
166,72,2.946990460449198,2.977259846894523
166,144,3.0064675218296464,2.997157834471775
166,216,3.2130123191334485,3.202773203745969
166,288,3.3951765573840955,3.3650746008028967
166,360,3.294760466590675,3.3772246532364942
167,1,2.950349244052907,2.9822126236923165
167,72,3.0274643943124686,2.983515617136092
167,144,3.018404488027828,3.014527599298929
167,216,3.2363557576688446,3.2473574993043717
167,288,3.3757442624305773,3.3487004638419093
167,360,3.377520061852086,3.3541648553303673
168,1,2.954770280423183,2.944248616589423
168,72,2.941999952684993,2.9460053539286255
168,144,2.9677949618774098,2.988219226272323
168,216,3.2918924639539404,3.2902318290346124
168,288,3.4220454296373157,3.4114069497387667
168,360,3.423512041510806,3.4176777847754014
169,1,2.991284888170812,2.9974131366088037
169,72,2.991638795653847,2.9994498623106844
169,144,3.020270864403737,3.0274841084413593
169,216,3.119262802172247,3.1858426951691734
169,288,3.3038927253265826,3.2843792943542907
169,360,3.3020877837222264,3.2945531853208267
170,1,3.048867327252057,2.9972608373150527
170,72,2.962915953274954,2.9977501274383753
170,144,3.003916886353268,3.010129796514853
170,216,3.2070418493868393,3.1606733867510557
170,288,3.239765893694948,3.290562297000427
170,360,3.289679883739282,3.2996751880550845
171,1,2.948424132038386,2.974435690162337
171,72,2.931238680600367,2.9754932885659247
171,144,3.00377852407018,3.0079795429995193
171,216,3.294075256711059,3.2785536105004516
171,288,3.350278962618901,3.3751050542711023
171,360,3.3587631655561654,3.378945133693406
172,1,2.9838487908921887,3.0072046768555123
172,72,2.972348838761524,3.0076076488664714
172,144,3.0176635286932942,3.017890945700221
172,216,3.1261838764636973,3.1394568750780167
172,288,3.200079651997257,3.237550146414014
172,360,3.213162285940474,3.2441381064009507
173,1,2.977829884644608,2.983931360512166
173,72,3.013543505839247,2.983948100911372
173,144,3.025221805703771,2.9923564574694614
173,216,3.389210996184203,3.412547589452283
173,288,3.44165701579359,3.458879076810606
173,360,3.4324966241510073,3.4589795165413926
174,1,3.0185833303801957,2.9970157722490596
174,72,2.9583409294324494,2.9972087448056297
174,144,2.9935230676584577,3.007899294892959
174,216,3.244677263885566,3.2245019284743797
174,288,3.371306886311695,3.3461338483098477
174,360,3.3415394566660823,3.349433512286911
175,1,2.936342049406643,2.923054338228972
175,72,2.97372448778429,2.9248018102236033
175,144,2.965723315376931,2.961625930042169
175,216,3.2219154831518706,3.2013099856555725
175,288,3.3229122191587606,3.301820208921997
175,360,3.2685392008001433,3.307765362721033
176,1,3.0646518480567426,3.068372014674493
176,72,3.03036898820578,3.0685955108305074
176,144,3.0839734738202367,3.079006891957579
176,216,3.1755726361557914,3.211737272275872
176,288,3.2853007618003884,3.2603869711590177
176,360,3.24808207048153,3.2617194709889406
177,1,3.0067279445737123,3.0168529117354628
177,72,3.004325491074083,3.018684190417766
177,144,3.052438618500658,3.039436437066719
177,216,3.1076587958118824,3.1650698450123502
177,288,3.299023545657214,3.2869140690341556
177,360,3.2868539821305145,3.3063366287193636
178,1,3.007324482900753,2.984008561300588
178,72,2.9669179311856313,2.985724516266535
178,144,3.01429780490299,3.026529099270433
178,216,3.233472909518344,3.2425348648261587
178,288,3.3308756434556113,3.3013452079068433
178,360,3.303578424927883,3.304004368074869
179,1,2.98143366784238,3.0048599732275627
179,72,3.0246217444447767,3.0051087132316185
179,144,3.0363714252222347,3.015045174218683
179,216,3.141278894596795,3.183101911660739
179,288,3.300568292436541,3.301625662167889
179,360,3.2679925363276587,3.3064833268108638
180,1,3.102024210182631,3.0075086350966447
180,72,3.044108210192515,3.008745839551949
180,144,3.035007308779622,3.041205471192403
180,216,3.2031548257818225,3.219819618962316
180,288,3.211991734561182,3.265133736647532
180,360,3.2824244298383,3.2669734226504628
181,1,2.9859708860917973,2.999276695531104
181,72,2.936110711900258,2.99931995609185
181,144,2.9589439104386743,3.0023540199903263
181,216,3.1330630643411164,3.123237954494079
181,288,3.2662117798776253,3.2774521063269653
181,360,3.25460860678832,3.282424344339965
182,1,2.976326712760521,2.973721637490342
182,72,2.989120700946378,2.9747814979340177
182,144,3.026208571133612,3.0092161690183947
182,216,3.2890384346678685,3.2634546870089216
182,288,3.3190913347930153,3.3354871653599174
182,360,3.328289053252868,3.3380067933023856
183,1,2.9572548184305174,2.9910447045145974
183,72,3.0502034395754167,2.9914311204252297
183,144,3.0084371049824967,3.0019372632279007
183,216,3.1376116814617476,3.1499974060721647
183,288,3.286221780882304,3.2985253045688245
183,360,3.3587580462034548,3.309100305462141
184,1,2.986212084161811,2.9790036479451834
184,72,2.954259642708143,2.979183214139697
184,144,3.0051933857256623,2.9879893890723874
184,216,3.134228518543349,3.1625453324319635
184,288,3.281081311532199,3.2772535955971507
184,360,3.2420368999477813,3.280991771763175
185,1,3.0204368341112553,2.9990942063960766
185,72,3.005214327526937,2.9993172176300864
185,144,2.99008849483409,3.013729263120979
185,216,3.25879483048942,3.271908542585975
185,288,3.366961557151275,3.3689679078620842
185,360,3.3723970180203544,3.3709361842966756
186,1,2.995612381704237,3.0011688836503745
186,72,2.978968374272811,3.001658003416719
186,144,2.9893454490958944,3.0142696414963908
186,216,3.1588755966324986,3.1780739580922135
186,288,3.34058318968578,3.332813795731016
186,360,3.3348138784898813,3.344020520195162
187,1,3.0935693563071127,3.0700988977943253
187,72,3.099146929041546,3.0701620161810164
187,144,3.0652696973220968,3.0741526067627416
187,216,3.214225058505098,3.20745022709654
187,288,3.329259254228751,3.352195100988709
187,360,3.3739340812338336,3.356912653600954
188,1,2.9309329007931497,2.948529109689593
188,72,2.8854971253040542,2.948628764390179
188,144,2.964502034306743,2.9552739831599575
188,216,3.1839048351163193,3.156347546042144
188,288,3.2961685119404844,3.319182951727493
188,360,3.368381203762555,3.3235138309694277
189,1,3.052449012866021,3.0690759933133376
189,72,3.0885507697527217,3.069522449411186
189,144,3.103194612976411,3.0981202586633523
189,216,3.327364159816752,3.3368537014400044
189,288,3.364416246700527,3.372032827778973
189,360,3.3913839077365773,3.372596258391047
190,1,3.0021893587141224,2.9740021459567463
190,72,2.982302473150749,2.9741251330324814
190,144,3.0074217567764356,2.983476056142583
190,216,3.2540647533494673,3.222610972969096
190,288,3.380615378291399,3.341597041745781
190,360,3.345341753021508,3.343867487038892
191,1,3.077362369828512,3.0455976062673433
191,72,3.0622331723594103,3.045610234249763
191,144,3.0656155324762997,3.048260688524755
191,216,3.212032742734352,3.2224204722363954
191,288,3.3621493071239463,3.3012891516198497
191,360,3.2458340429693338,3.301828205777792
192,1,3.0143658822326547,2.9824454756931886
192,72,2.9906104957410173,2.982584236159494
192,144,2.9742348779174517,2.9941779271068496
192,216,3.1898420248164228,3.2076939530164315
192,288,3.241006140359865,3.2672073264398582
192,360,3.2891588449809745,3.2680741001598212
193,1,2.939049412957975,2.9370939541388794
193,72,2.972085645180869,2.938411476811578
193,144,2.979708942647526,2.965792103542345
193,216,3.1080720873067076,3.1756377224530374
193,288,3.3352355514584286,3.2899009171517433
193,360,3.274408125409276,3.2975636403655946
194,1,2.978590871281779,2.9766919437247834
194,72,2.9682768661130017,2.9773537709496867
194,144,2.9936542971336104,2.9940525989743008
194,216,3.2126307994013765,3.168205533627947
194,288,3.3309577087717797,3.2834763283022843
194,360,3.3113479830594006,3.2905624192313896
195,1,3.0066015774254145,3.002368318638729
195,72,3.0313106616449965,3.004114824394356
195,144,3.0150637092193397,3.0428710067094786
195,216,3.2870718257024034,3.2729764525456972
195,288,3.3709114517684013,3.352355808126424
195,360,3.372737404791208,3.3565096699613908
196,1,2.900828059101759,2.9377902581638233
196,72,2.951805224423637,2.939511660343518
196,144,2.9863581890429414,2.973159552046179
196,216,3.151694781182181,3.1613518293211
196,288,3.2381670833711795,3.231932121577353
196,360,3.192388309671852,3.2361892643872956
197,1,3.0454219645893135,3.0290555596480386
197,72,3.0430368439395217,3.0301431496244278
197,144,3.010462571210988,3.052916539466362
197,216,3.2334464206195053,3.219339032072683
197,288,3.332812421346634,3.3027025676256083
197,360,3.237872233602399,3.3080514692924163
198,1,3.026476766230328,3.0335261698335634
198,72,3.06367893124717,3.034342771864388
198,144,3.0639566070234956,3.0521887126607297
198,216,3.220997991185955,3.2130325079828057
198,288,3.3234034847842184,3.3181034083357406
198,360,3.3693247693777084,3.325436727667706
199,1,3.0917556442615743,3.0664882562152656
199,72,2.9990270727240542,3.067096213435871
199,144,3.073261917127074,3.088236170280004
199,216,3.2649744333415973,3.3039250818914963
199,288,3.379934742510004,3.390158785794935
199,360,3.3511593715661414,3.3933501620990807
200,1,2.9669923891972023,2.9786433330371658
200,72,2.9884105620960453,2.9793148963971907
200,144,2.987864474114305,2.9993737771447915
200,216,3.165735521528795,3.204372359009803
200,288,3.345290353619948,3.306067705485665
200,360,3.2869163474487575,3.310772103827821
201,1,2.905789250820774,2.9518644107462007
201,72,2.9777519244889294,2.9526376979127997
201,144,2.997058559600861,2.9830291465805225
201,216,3.3129425075611203,3.292188038436437
201,288,3.4351616712455426,3.3967471904240907
201,360,3.420775343633381,3.4000111083916633
202,1,3.0188217763981573,2.999191112683777
202,72,2.9672124882289976,3.0002213951085848
202,144,3.023477135543536,3.038902109133056
202,216,3.3300368598252974,3.306134406032499
202,288,3.3617416475251107,3.364584543781992
202,360,3.33368935872023,3.3662470329931105
203,1,2.968251743806744,2.9846399579354523
203,72,2.9862014285601965,2.9848083820623885
203,144,2.989204624810093,2.9966812282187205
203,216,3.212431313877635,3.226451668347733
203,288,3.303192813595411,3.3118311765287642
203,360,3.2477542426532047,3.313418975895751
204,1,3.0671736020804263,3.101931780563268
204,72,3.0308053302446853,3.1038687125199043
204,144,3.085011351074738,3.1283833087355317
204,216,3.227446787905392,3.2347777117322565
204,288,3.269151878459401,3.2845314179509595
204,360,3.2964601690604454,3.2893065832155144
205,1,2.9659617167403876,2.9514451949461473
205,72,2.9563451331908324,2.9520426988539126
205,144,2.963367765374181,2.9819460439482888
205,216,3.319009152878944,3.3252740798994562
205,288,3.427877859679111,3.4250382841139206
205,360,3.4315710989015944,3.427416286748278
206,1,3.051168180515165,3.0389074974021457
206,72,2.9641716647226506,3.0389515878294424
206,144,3.0596251574530084,3.0424373969834835
206,216,3.1612954178985255,3.176786348544594
206,288,3.3099474605516654,3.3016907072846142
206,360,3.361767566483658,3.30469816002363
207,1,3.1052887498114305,3.0620618506064243
207,72,3.052854937423045,3.0628203683917845
207,144,3.0760051839110454,3.0777418644379044
207,216,3.178602668946165,3.198557403078738
207,288,3.304434772985839,3.2766100520544574
207,360,3.2875156874321982,3.2825771066019187
208,1,3.039511875535126,3.005855457989193
208,72,3.014352133738508,3.006095888579803
208,144,2.9997923453562927,3.0171924879579852
208,216,3.231405536662572,3.2268527599780206
208,288,3.333361993983656,3.3673045967608246
208,360,3.3634952125830426,3.3721988951432564
209,1,2.9703433019334544,2.9445359832101117
209,72,2.951945793104564,2.9459031930620982
209,144,2.9358028740236404,2.976276099072714
209,216,3.187646775381575,3.1957191117801345
209,288,3.3509481030000954,3.2951402958684097
209,360,3.2942014110482947,3.300936037540413
210,1,2.98253780612088,3.0037679652801286
210,72,3.001638938518815,3.0052393722098643
210,144,3.066983340275422,3.0457650785251107
210,216,3.265075326595958,3.2578864229018643
210,288,3.3097789589805524,3.305612713455191
210,360,3.287894124875371,3.307399657565232
211,1,3.0018942811500415,3.06125577442566
211,72,3.067668101886514,3.0620692038822113
211,144,3.0978686531194177,3.0791398575906084
211,216,3.1946807455310724,3.222852813854516
211,288,3.3213483329453473,3.31231406519476
211,360,3.2778080957028384,3.3186451508785124
212,1,2.9858039588175465,2.957612656855782
212,72,2.9905802404189803,2.957907016783161
212,144,2.9981282528391833,2.9732283440968152
212,216,3.1382427410149263,3.1947733790121213
212,288,3.2351975697483604,3.277907816335431
212,360,3.2957331455480987,3.279975881851772
213,1,3.076139451406992,3.0333539299263235
213,72,3.0015721017582,3.0340429248996457
213,144,3.067064218975775,3.0543971627279953
213,216,3.22786170040892,3.262551318923486
213,288,3.423203738294119,3.3675809770167295
213,360,3.389440408034287,3.3725236631646265
214,1,2.9606380620442114,2.9673878563968192
214,72,2.9730386741801587,2.9674734887405054
214,144,2.9763648515002954,2.9772116887285756
214,216,3.256678627580151,3.2615398302845127
214,288,3.342838220777082,3.358683688546845
214,360,3.3249139246733983,3.359795384389962
215,1,3.0960482380193923,3.128732275026936
215,72,3.102246012635696,3.1294971477877014
215,144,3.161931221724882,3.143297553366734
215,216,3.2311332446936705,3.2286747700395444
215,288,3.311786861757594,3.2698894135352092
215,360,3.2533569567009,3.272857234144341
216,1,3.0006806085218205,3.036780938425897
216,72,3.013007720761067,3.0379584975214544
216,144,3.0950289507952706,3.0588751529790623
216,216,3.1827725567173024,3.2167839758230894
216,288,3.303464957296342,3.323488594443205
216,360,3.317568008571075,3.3326461907774
217,1,2.882003922461917,2.9185068078434395
217,72,2.8565645335402023,2.918578547404398
217,144,2.935455785571351,2.9276678835733505
217,216,3.2192676993695017,3.21239368533089
217,288,3.2969188477742155,3.305006848967931
217,360,3.3066088563093805,3.30594823731255
218,1,3.0666085906781215,3.0457352052866584
218,72,3.0720691928018495,3.0457354223546886
218,144,3.0199980831617292,3.046237342430965
218,216,3.2125464095404475,3.2363498865811486
218,288,3.327646484818215,3.273575652822786
218,360,3.2540251155908564,3.273594856270705
219,1,3.1103825477806804,3.1009683284677516
219,72,3.0766631146732295,3.1047828608428754
219,144,3.157269763932922,3.1956352182044747
219,216,3.337275096266318,3.3027456322188993
219,288,3.3481226047076187,3.308094594069457
219,360,3.3266208130050363,3.3082200610043495
220,1,3.1079386929431507,3.069204831890834
220,72,3.0405549284908973,3.069247877968149
220,144,3.1299705989989017,3.0723537628806383
220,216,3.1957139533633825,3.186868075378208
220,288,3.289516036266727,3.3034347199263197
220,360,3.30261126351364,3.3066544952320207
221,1,2.9301101399895444,2.9484602471907673
221,72,2.9435591688292746,2.95659587293641
221,144,2.9843693823103736,3.0170808116358825
221,216,3.1793251203674795,3.2041648981326794
221,288,3.3358754915350666,3.313097782611723
221,360,3.3641930198899606,3.331164315827076
222,1,3.014631346796978,2.9677743259435805
222,72,2.9366581015916506,2.968138289654307
222,144,2.979494605232351,2.9953895753717292
222,216,3.279358576207143,3.288916417225068
222,288,3.357183187172526,3.3375241068888104
222,360,3.3403113606515844,3.338217688426282
223,1,2.907228442761426,2.9364885596595443
223,72,2.9480199795480146,2.9367451997443186
223,144,2.954320417546691,2.9459369656654966
223,216,3.1304691528212323,3.0915297011976897
223,288,3.1700224341372754,3.2017373591557843
223,360,3.25460328453997,3.2069245218157136
224,1,3.01365602012686,2.9948265569099735
224,72,3.000858537283811,2.994832443431864
224,144,3.0155799366299303,2.9987419208981723
224,216,3.157983272038794,3.1729301853915266
224,288,3.2101187155485946,3.185438039269044
224,360,3.2599339510053094,3.185457785858736
225,1,2.9533602211611325,2.9537880550840505
225,72,2.9449594581536855,2.9538578571880327
225,144,2.961439347493582,2.9584962644348822
225,216,3.0849782331484077,3.1076286606456036
225,288,3.2567830852279287,3.243695464961116
225,360,3.2545427836661536,3.2475462337722414
