ID,obs_score_0,obs_score_60,obs_score_120,obs_score_180,obs_score_240,obs_score_300,obs_score_360,actual_measurement_day_0,actual_measurement_day_60,actual_measurement_day_120,actual_measurement_day_180,actual_measurement_day_240,actual_measurement_day_300,actual_measurement_day_360
1,3.0557021283432513,2.921605381485889,3.031806976014641,2.921879260926766,3.1814081812056054,3.1547222941265303,3.2346815400592286,4.4103,60.2939,124.2268,187.7698,249.0743,304.7114,360.2432
2,3.0232431339218673,2.9938939043716006,3.1155009234921374,3.1491022627928804,3.2433965076864517,3.324926620182573,3.2312163276313197,6.0776,62.1408,126.0558,181.6374,245.5202,300.9083,360.9756
3,3.0350277849353295,2.9078431015584885,2.8774354696354365,3.1425042100680787,3.23942861573867,3.202610859904891,3.2986478053435393,0.9082,60.7757,122.3372,180.6435,242.7694,330.5432,360.0822
4,2.934731212737761,2.9572960978062923,2.9469401473048107,3.1426190004981804,3.2996529545073794,3.3971934912163713,3.3310713911251075,1.9841000000000002,66.9793,128.5218,182.595,247.602,300.3064,362.6707
5,3.135488802459129,3.0458819592608273,3.0520467585166178,3.257918620078311,3.3848043254943905,3.346900861666014,3.2312984181377113,3.1503,69.0061,122.1265,188.7728,252.9584,302.6313,362.2902
6,2.89749679905995,2.9196513592494537,2.932384247763934,3.1245417017370447,3.2190778762485746,3.227322018213919,3.235131543323854,0.6028,63.4189,121.1954,181.8755,243.2102,307.53340000000003,368.0561
7,2.893513138683694,3.0074164439833844,2.8936976887446724,3.206586401893307,3.3275728720718787,3.4148708442376643,3.481483944048376,6.724600000000001,82.7826,123.9023,184.6712,250.9361,306.3487,361.896
8,2.983198687767614,3.0168141008165557,3.0181698018788867,3.25972626823139,3.20550411367249,3.472250591329336,3.4148303236510045,26.788400000000003,60.1781,121.6913,196.9368,243.2106,310.4987,363.2939
9,2.8790022845677856,2.9993672175993096,2.9267633752097044,3.3027709380314914,3.3705609524105227,3.3255186549797084,3.368298143086677,8.1351,66.0967,121.0559,188.6693,241.9457,311.6445,374.333
10,2.945119519918925,3.046467740953883,3.1396719479740676,3.1653076072917514,3.3030828121250604,3.2452725358264503,3.3342056642114164,13.918000000000001,65.3678,123.17830000000001,187.8478,251.0396,317.4049,365.6177
11,3.1644056959165074,3.1154165136006955,3.1277226491885557,3.3278560711555025,3.4270442291214342,3.3555554528712954,3.4522741945854305,10.6293,61.2064,121.4823,191.6767,275.0009,300.4301,361.6079
12,2.9267508830884963,3.0081287531046916,3.017626707581585,3.2707580287638702,3.3037859698554866,3.389696969471255,3.361561117221531,5.1896,66.8211,127.1069,196.5613,249.7398,318.9578,363.2376
13,2.9607464199462625,2.939018123284447,2.9838122333857418,3.173545597619561,3.1922711271196103,3.2402961750188504,3.3009563604559524,1.1632,66.8163,128.6002,180.1573,247.9761,302.0885,374.9704
14,2.907258752908303,2.9125793192866802,2.953951763429139,3.0787454941063537,3.269307452426324,3.3628408293474834,3.2793799753382915,18.162300000000002,61.0011,121.4426,186.4261,245.4151,305.9692,366.9525
15,2.9254169755757204,2.859023800590732,2.905362375992874,3.0182152363946435,3.4900046025522746,3.465047597154343,3.4381666985202752,33.729600000000005,89.0173,120.0315,183.522,246.597,330.2896,363.2223
16,3.0340039215691035,3.066498728187399,3.1177984208837635,3.2172148146145525,3.2859308625218797,3.215395245697664,3.368136307713816,4.5032000000000005,71.1336,133.47390000000001,182.6884,253.218,315.1179,360.7474
17,2.9793161034003197,3.053068327501307,3.0525834692484866,3.119851889847466,3.2276602497633586,3.2572222803959527,3.2552551534448573,2.4466,74.1994,148.5645,185.6462,241.4952,304.1608,364.6416
18,2.9814205429769682,2.9658634711159007,3.012409633004025,3.1933881712050063,3.3493626864042425,3.1766179989859835,3.1640546848204667,12.924700000000001,62.642,123.5222,187.4306,243.39,304.1366,360.4233
19,3.1742178866943926,3.1482099812892064,3.149169152897331,3.3393911652085,3.3522185772670112,3.448617154412791,3.460191943283145,4.9138,60.0642,123.6788,205.3145,240.6155,308.9551,360.1733
20,2.9304064829072587,2.924922533181732,3.0380535197074745,3.3200869304552194,3.4206553129980617,3.215347544764746,3.287087538675689,8.181700000000001,62.5417,120.0049,189.1756,247.0099,310.1075,361.757
21,3.036652860802602,3.0318190556951556,3.033517486911555,3.0507475306598555,3.290582651413321,3.3391947801435706,3.2341995046083394,0.6825,69.8231,121.1982,190.0069,242.7535,307.5472,370.733
22,2.9136941578964466,2.997890045622559,3.0010757273549498,3.2210224933158935,3.357932579278604,3.344232272220718,3.324885603439493,6.2579,60.8851,120.7399,182.3902,252.6924,303.7705,362.4086
23,2.966411105029835,3.0565925114341677,3.106417653597716,3.2572850891052867,3.317872606848504,3.2825309267962806,3.2732189705837484,0.6003000000000001,67.1214,126.3081,209.0548,241.077,307.2027,365.0447
24,3.0068848314146024,2.9959010819075447,3.0057462114216214,3.3281007711842396,3.4498338876995467,3.4010384125661917,3.463260369020124,7.1717,62.974000000000004,126.6143,180.1779,257.0341,303.5351,360.4853
25,3.0032673341182203,2.9704562229709794,3.0271324769004733,3.2540993723479903,3.321626560981805,3.3425533748349254,3.3421320671831527,2.1067,63.7261,124.2009,184.5111,252.3334,314.5984,361.9224
26,3.016827809249543,2.9888371359364596,2.8972148414827283,3.1489518200194118,3.3082277237765285,3.3384101311419627,3.3044831495364195,5.349600000000001,71.6155,122.6655,190.9455,247.7092,302.1361,377.5303
27,3.0350427087124325,2.9655987985172625,3.060963515954669,3.2773332232303436,3.3422859843672463,3.353789782773889,3.2945292927910708,8.2605,62.9966,122.9275,195.9925,244.9181,324.3283,371.8907
28,3.0031760601764184,3.035568882556406,3.0827086467583524,3.230001789953278,3.33461362082299,3.3427861769867717,3.399583380129688,7.4653,61.186,121.5927,184.4753,241.0132,305.8909,360.7798
29,3.024741150258753,3.148372833891793,3.07907812543158,3.3157347685128236,3.367293201221402,3.3751511210053535,3.424147561747913,4.0443,64.2919,125.6344,196.1162,255.5393,300.7712,361.5555
30,2.950841663385375,2.9872771838382333,2.884549435687876,2.9955139199240346,3.3378554868773453,3.310837566259379,3.2854030739196576,2.9431000000000003,68.1337,122.6539,186.8054,244.3645,303.3905,362.733
31,2.9980978055752128,2.9096828455322306,2.9585862190064267,3.378749367820614,3.311156559185178,3.502371035798394,3.4006241885119826,0.45070000000000005,63.7405,122.1557,188.4571,240.9333,300.2465,363.7315
32,3.101025272619444,3.1205343372294765,3.087203105516327,3.1175099623507996,3.401419659952636,3.4574166337972665,3.2821509416519152,5.6904,61.4671,142.6151,180.185,263.3594,307.8888,366.2726
33,2.983662825517778,3.0332127090860723,3.060411205644373,3.2920642085541094,3.2404423940534017,3.2071718457196576,3.2800650898972417,4.9735000000000005,61.2676,132.0262,189.8695,243.1453,301.6805,366.8844
34,2.9608435597010727,2.928289362848964,3.002817056534081,3.4177210954034756,3.304519114443074,3.4166157300257747,3.4783522853885183,0.6612,66.6126,130.4074,205.6384,242.2723,301.0413,364.8022
35,2.9700630993647374,3.0598234684613748,3.065890090155622,3.246232541273296,3.386682395812547,3.4616428961464716,3.371446235151857,5.9572,60.0725,120.2714,180.2912,242.3457,303.5249,360.1106
36,2.896901072688017,2.9389067701628395,2.9308330331588643,3.134332551660473,3.37514852721951,3.427903748837154,3.3497190869900773,2.4434,73.7913,124.885,184.0429,240.4489,306.5519,360.4668
37,3.0700556784669915,2.908662816606955,2.9297977773878703,3.265729162414224,3.327961940125765,3.250258764745885,3.3845064054732354,9.2702,69.97370000000001,121.9456,183.2312,242.2572,305.1441,360.0769
38,3.0989903098858234,3.019120949353643,3.042975477678151,3.2276824126160153,3.3902327525613627,3.322762609256244,3.2986576389447513,7.357200000000001,74.42060000000001,121.5124,202.3459,253.6449,302.6271,360.4542
39,2.9496030521465038,3.054891842430791,3.008437186337286,3.0878545819385996,3.348095606755179,3.256617025874846,3.3352136528882057,9.6827,61.4565,120.5669,185.3427,248.4427,300.4527,360.4704
40,2.9435555882419795,2.9454923093821845,2.9297150084043113,2.9779966528901487,3.2426759081751544,3.182282978368726,3.170150728895574,0.09280000000000001,87.5984,120.3044,184.5224,248.1653,311.9821,388.6074
41,3.0405378066054682,2.9590759195459597,2.917325639375438,3.1975492436323427,3.317243592687427,3.354402439624626,3.376241858378661,0.5214,61.124,122.2887,181.5012,274.308,301.1507,363.4241
42,3.0365024999412658,2.925271347646126,2.9975546416392462,3.2422750253928863,3.2667535428556005,3.4070073727764796,3.366344481833161,6.652500000000001,72.8574,129.3426,190.794,261.7656,306.2366,360.9829
43,2.9745753968395916,3.016027100091817,3.010214779471275,3.184121869511964,3.205573543511631,3.3562384309251456,3.2685973551390046,14.018600000000001,64.8253,120.1266,182.5742,250.08350000000002,302.1794,363.5065
44,3.0938911329602856,3.08606326988357,3.0360261673093705,3.1722416213022298,3.260504478318493,3.3083633233466028,3.3377556194682856,1.0596,62.1939,129.3706,184.5736,247.3592,301.5998,365.3532
45,3.000460181721229,3.1072089162882714,3.030580412726611,3.1239753923143896,3.3523856292831233,3.2492702904825257,3.34475115853647,1.4913,71.3729,135.9426,180.9934,242.6635,304.3005,364.7991
46,3.0443099244500966,2.9347355512167512,2.9383093477295894,3.169522532751826,3.283662119940762,3.3286649708547515,3.287458350224579,5.8235,63.4938,125.668,193.186,243.5563,314.835,366.7305
47,3.018162314213228,2.9787378308801746,2.9955780130553626,3.1081804843110814,3.352973990168504,3.2856262872724633,3.3480819602388903,0.8926000000000001,75.8214,123.3177,180.0809,242.9173,315.72090000000003,367.3279
48,3.059726941385497,3.099666959880547,2.9762440694733714,3.1432519514966395,3.26733166079448,3.345722571886719,3.313542374804017,1.9751,62.0378,120.52590000000001,186.5431,254.2322,306.2784,368.2898
49,2.9756026019480153,3.0749674004907077,3.085349017401416,3.330602541658332,3.3358203799368225,3.4873197457688034,3.313151197986832,1.8847,64.4772,131.5594,184.39940000000001,240.1832,301.649,360.7135
50,3.070379174356278,2.9349581622422956,3.0634226383936998,3.2745025471819305,3.3686120397127848,3.5026732257188935,3.4233382005621276,0.5053,63.6166,125.653,199.8871,240.2243,304.3812,363.1098
51,3.0347169486813166,3.031901181107771,3.1469692255370663,3.170871444534826,3.2519980057589586,3.224310347782067,3.3949744494287373,1.369,71.0723,120.8425,186.4637,254.0232,300.4269,363.3085
52,3.017835494435046,3.0497726781070496,3.019024379509758,3.206138078309711,3.3428766702644133,3.30808165861633,3.299661615877388,2.1238,62.5041,120.5155,183.7063,245.4416,301.9442,361.8301
53,2.988273950377534,3.011555965668158,2.9487017424908584,3.1499419004651954,3.3551992662150543,3.3680992118551374,3.3864927052749367,5.742500000000001,62.0795,124.1132,184.4605,250.8316,301.7917,370.4908
54,2.9976572870854965,2.9887793689586477,3.020419455668061,3.1264559315311087,3.23943980023411,3.20780110027809,3.24075638895536,8.253300000000001,60.559,129.8693,187.9269,246.3206,301.66,362.8437
55,2.930699716692284,2.9271232144860955,2.9344052682779838,3.2710992662164213,3.2474643632819786,3.39185012060579,3.2938203390107836,5.6771,74.8417,128.6589,202.3424,240.4924,331.4986,364.0823
56,3.0445890853337763,3.081156970990985,3.0323623022267037,3.245377126579565,3.3727973241612483,3.2959180744997147,3.2239952884028575,33.6453,63.2994,134.6315,181.6957,252.3226,302.3483,366.2984
57,2.927319446594913,3.056535163961592,3.019288490392274,3.2749228104401236,3.2201288438830926,3.272539169024916,3.1923605999277878,3.568,62.4244,120.7196,192.7799,242.8814,302.9123,360.5034
58,3.1269452154018227,3.040740146830309,3.1363988210582208,3.169083158709876,3.418962572708257,3.373392645763357,3.3596260476390354,12.162500000000001,71.08670000000001,124.4261,180.2767,253.645,303.9879,366.9117
59,3.0540709952667395,2.9584116392404716,3.049510639107729,3.218411684532434,3.321672185258171,3.3638934278376005,3.3555782673630925,14.685,63.2104,125.1304,187.4591,260.815,324.2115,366.5961
60,2.8681213824198433,2.9347611372736218,2.8548215717409384,3.133514464112201,3.2772047626093603,3.2313000981442874,3.278224004551986,7.8489,60.265,120.0158,180.6979,243.2016,303.3302,362.2546
61,2.9032951034452568,2.9185410434755403,2.980511209599411,2.9519660496280467,3.3089938827435073,3.300531496256159,3.4333563126726654,1.9180000000000001,60.3613,123.6221,182.154,260.1475,300.4593,367.9836
62,3.1008480372329466,3.115371251010888,3.131046606318595,3.210046481675705,3.374301055898453,3.317222856828479,3.341719758921596,2.8365,65.436,128.5595,186.3035,241.452,311.3212,361.666
63,3.044776102521918,3.038458910936698,3.072580628003084,3.303056779638999,3.3372523213298484,3.36513517532749,3.2728139021839664,1.6440000000000001,64.7779,142.13060000000002,203.1833,240.5581,309.8168,361.5935
64,3.1836186264283484,3.0869919998451847,3.072546106183862,3.2156267197595634,3.2421601185844864,3.3033528200277735,3.309806308442676,17.4101,66.6661,137.7563,181.7333,243.3991,302.6227,364.6601
65,2.924651491104614,2.9190973008388377,2.9295832696497213,3.0266806703685702,3.223130063953054,3.306416556127371,3.273460096491015,6.6351,81.4033,122.8844,180.7166,245.491,301.4052,364.3265
66,3.0266661456653554,2.992092180198529,2.989756533194629,3.1402959097804994,3.232203756507921,3.1928161792262197,3.2954357786769726,2.6771000000000003,62.8321,131.3064,182.719,247.926,303.7061,365.8914
67,2.8267116772306844,2.789228076381344,2.89145595107093,3.0560907866115516,3.202236475692636,3.235215691368567,3.2979694339629786,0.9013,67.981,132.5557,183.0274,241.8244,306.4283,369.479
68,3.0064490176319194,3.1058596903430673,3.12048729700767,3.0894397384665,3.310467688552886,3.399504679658577,3.3048667485389496,14.843100000000002,71.3347,127.3583,180.2398,248.4564,309.7833,365.7569
69,2.9844932010616407,3.0371228521593103,3.094479488460915,3.070797298681019,3.2433576586449493,3.22367819976445,3.3244975907854553,5.4839,60.352,124.811,183.1621,252.3845,305.1651,369.5322
70,3.010119874047427,3.014951069688268,3.0507004984295203,3.1781737101273557,3.2962058926355353,3.348523362826375,3.4008434928876907,20.495900000000002,63.7157,120.616,180.8526,243.5709,300.029,377.3665
71,3.0804280387837917,3.0210729141866786,3.083467987869498,3.330308710434811,3.4094567270120493,3.5487687254898286,3.3443520513628062,4.5635,70.709,129.6637,188.9832,246.5794,311.0929,363.4529
72,3.0253631567849437,3.0699696490983124,3.120356304520419,3.212318886010731,3.379649076720744,3.3923235653581916,3.420027001767057,5.9621,67.9176,134.4996,180.3235,240.1102,305.7533,362.6643
73,2.9807602245951776,3.0480641336514473,2.9811188022062187,3.1468830857444843,3.3548519033022943,3.472480014854389,3.389968011638758,0.4544,61.0163,120.9143,182.3728,242.7321,301.5535,366.4895
74,3.1609289343390476,3.032738308786766,3.055075045956281,3.2011007022284756,3.364413472052938,3.309091578758642,3.3141495430848122,4.258,61.9965,129.2725,208.2944,240.3027,300.7715,362.975
75,2.984478258035594,3.0657571084969386,3.11177817005272,3.2509515922685774,3.2726868338087214,3.2880649425991604,3.3625814713404036,5.2774,63.9111,123.8555,183.6462,245.7498,307.9528,361.2456
76,2.975267331746436,2.9215960170670416,3.128662632764775,3.1440817523620743,3.388224651313192,3.197667411070757,3.270546295247191,27.4035,60.8937,125.7917,185.273,244.5376,307.0178,361.016
77,2.9985826138828,3.122006159983234,3.135045747216798,3.1807758438171208,3.237793903796985,3.3348094905394157,3.3529921823650235,1.237,65.4394,154.1704,191.5278,246.8002,301.0986,363.0643
78,3.1466813058394667,3.1058687344090887,3.041339024915096,3.1740560977137453,3.233185144784627,3.2651638814233857,3.2081153123111474,12.6082,86.07,123.5641,181.945,246.1975,310.5426,372.1549
79,2.9002548974185913,2.8977997910789344,2.8587158181234193,3.173627341596285,3.3852367123461997,3.3364677555614533,3.345997749218014,0.6573,67.0764,124.5148,187.0443,246.6403,302.4223,373.3905
80,2.9910319200112845,3.0396620540768335,2.9861550328611557,3.1492631084905454,3.3231475598760714,3.3077084370827747,3.245381967677444,0.9854,61.4429,121.7979,183.7963,243.2258,322.222,364.5789
81,2.97411287590349,2.880657073929283,2.9829694503040254,3.243903234592959,3.360207678524654,3.243605162662665,3.3148044670852403,3.1670000000000003,64.0727,122.9788,180.3333,245.947,311.0816,362.0933
82,3.016349122551636,3.0128087439689857,3.044430778005731,3.318691291350694,3.3516221174941467,3.320280745154959,3.3142497040361327,20.663,89.0741,120.6496,191.0652,240.5279,320.5884,364.0315
83,3.0382621134900663,2.972085015880652,3.0024478991803276,3.1767316213582304,3.258520061196229,3.3415833923945857,3.4155447497768825,10.783700000000001,65.7336,120.51,191.3579,253.4623,301.4582,364.1139
84,2.99386923113173,2.959699844207583,3.0486150991331584,3.0863099735331745,3.2624906045936513,3.2237082386534026,3.288548580286607,4.1089,74.3532,144.8073,191.0375,243.2892,310.4667,360.1777
85,2.802300317287664,2.8696060409419197,2.839831684833265,3.0719637770225523,3.4049503754059893,3.4101222511582643,3.4918462494302793,3.9984,64.5873,126.4572,183.3706,241.2591,306.2178,367.8413
86,3.032071882493558,3.026115386588313,3.066934409205678,3.279785680480193,3.350246228948222,3.3693787484730358,3.338557024271665,0.1376,66.0818,126.3487,186.7555,260.6174,302.2608,362.2508
87,3.071650216129253,3.0558119058502826,3.0657134941958635,3.329134984454381,3.3878487828433284,3.4427064431776464,3.4054208286581686,0.149,66.2327,128.0775,181.5926,246.2908,300.4322,363.4271
88,2.901980129916028,2.974716135890348,3.0122156123259405,3.163436119248729,3.447279849223972,3.411938878149893,3.366752743556736,14.4137,71.2191,128.95420000000001,180.8629,247.3695,302.6199,361.054
89,3.059505981699877,2.965623011808635,2.9844198226476086,3.209799085589715,3.2750964548490757,3.242662295948254,3.3436358062307323,0.12560000000000002,71.4961,121.977,203.5141,244.6502,300.9542,363.6188
90,3.0581662199977515,3.0467688823530192,3.064076185981215,3.239656345462678,3.301867872684815,3.2860394822717716,3.344408372321011,4.7458,61.6643,128.7668,186.4143,253.11860000000001,301.6049,366.4682
91,2.93773003717206,2.9900424821720453,2.945484584326303,3.2360105791705776,3.3494021039579263,3.329837324232714,3.342732256210282,18.122600000000002,69.29220000000001,122.6866,200.5979,244.2829,333.6892,370.4591
92,3.0543189261639063,2.940987526560488,3.001224731310748,3.17801249578504,3.352769116551667,3.3514831715859263,3.3319723088899833,1.1595,62.9909,121.7625,186.1919,240.9588,300.2218,363.8276
93,2.8310093298075265,2.967667659523921,2.886184836102807,3.097926977057881,3.1390533217013,3.2257073672502146,3.1539980077938385,6.1972000000000005,60.4196,121.9068,187.05180000000001,242.7138,311.2856,371.9097
94,3.010623443920142,3.077532007648718,3.1293036288828073,3.19294465149897,3.2782010627221423,3.2651605892212068,3.3205539887004827,0.7142000000000001,63.9944,150.3513,187.4458,245.4137,307.0421,376.5308
95,2.9066128995800287,2.911830235706888,2.9557869682808513,3.10814574986113,3.2065673581583725,3.2736174460468175,3.215056414811167,0.19240000000000002,67.075,122.7448,180.2715,268.4815,305.9518,361.4541
96,3.0159680527112243,3.0953925662181887,3.0359093730811995,3.1294361957833705,3.1544139173650203,3.176745230479,3.171987280996076,0.8200000000000001,61.2038,120.1865,199.4821,242.8806,302.4477,365.8915
97,3.029966015280877,3.0013156219421435,3.012155344356524,3.195739413436701,3.2839840584969715,3.405832266960899,3.2432096249466453,1.8694000000000002,70.5597,125.2926,184.8179,258.8009,311.8829,368.5986
98,2.932086308731408,2.8875360195150055,2.9991316047391825,3.148429921605699,3.2188701730268865,3.23276585127748,3.226450141948156,13.9831,71.0957,120.2349,187.4755,249.5985,300.0946,367.9927
99,2.9262206497494376,2.904580223843788,2.9611247383559944,3.149452399448156,3.327396781741754,3.3640167611720786,3.3832588496612277,6.5817000000000005,62.3595,124.5946,183.2014,241.448,301.009,367.306
100,3.079218403533319,3.014029520028588,3.085020163301515,3.162356951817099,3.3640568600047156,3.29540065486309,3.3098420079360302,4.149,62.8454,120.9457,180.0221,261.5773,328.2899,363.1625
101,2.983181277878439,3.019823853238201,3.054489615753869,3.2823259978867543,3.3585443494511833,3.3193874510810675,3.3386576525576888,2.8226,73.1066,135.5799,184.316,263.0358,311.8667,362.9482
102,2.9583642516331805,3.075542081687112,3.090317923729379,3.1299612271488546,3.2551677031836705,3.209771219575085,3.251123672102412,5.3577,64.8082,139.313,180.6136,249.7765,315.1686,361.5629
103,2.847408843851733,2.9116361103633293,2.9578339992955147,3.158988706996321,3.370778266813301,3.3199112336041545,3.418415278797487,1.7236,66.9705,128.2937,182.2775,246.2076,301.834,365.0697
104,3.001888170536279,2.9828033541984436,2.9401665565575055,3.238445045131219,3.2788155632313516,3.2488753531341303,3.273278470655634,3.285,60.6366,128.4953,188.2046,245.561,303.0837,361.8415
105,2.911568562931158,3.0273822804644155,3.0125244898195276,3.183307046297928,3.3346160174900126,3.3545802533134768,3.4170675038307103,0.5127,69.2738,130.3114,183.7933,241.735,300.0059,371.2493
106,2.9873431589274446,3.0278455380503795,2.9865944132161144,3.207887428011518,3.290643056799429,3.246852864953722,3.373578136702895,5.2498000000000005,63.764,120.63720000000001,181.855,262.9612,313.7284,373.1152
107,3.00746762957486,2.957639861283677,2.9926999474623326,3.181029887274095,3.2704747224268864,3.30140835794057,3.2613992782790358,25.850900000000003,62.8916,126.3727,195.6027,244.1886,301.8359,362.2566
108,3.0391670795110195,3.0230069228912266,3.052944356571979,3.2191503828420616,3.250614101731517,3.3553968810471018,3.2126615281737285,1.0074,67.4963,121.7652,188.2154,242.5996,308.0366,369.5261
109,3.042634611255354,3.058019542236147,3.0656078264843143,3.199906182423772,3.336614883718157,3.3249442821710966,3.3886962153621156,4.7488,64.2514,126.934,184.8537,252.3871,310.1975,363.8227
110,2.9643710409037825,2.956826084203625,2.9136602955471593,3.112485277985533,3.2770661770507172,3.3502335092808577,3.3256339438068556,2.7835,66.8856,125.9057,185.7428,241.1118,302.5722,372.8594
111,2.945883109751018,2.9418673604349306,3.0660583532264214,3.3386418706487118,3.3391902173972654,3.2798420530439265,3.3143378343543715,1.6360000000000001,62.561,126.5827,184.0932,240.2146,325.3121,368.3695
112,2.9915745077863436,2.9529925852799495,3.007803674141458,3.2031731632531693,3.361335751336133,3.344908720513902,3.2343455519885613,22.355700000000002,65.5183,124.1468,182.3071,267.4789,300.2033,366.5162
113,2.909876595861429,2.9633221499894824,2.899664695690701,3.103864211368024,3.313007175344514,3.225675280102797,3.275490634793817,5.3815,64.5719,126.1863,184.2961,259.076,315.6706,367.1851
114,2.9717890527811264,3.039538369051083,2.941989462078418,3.2696269166407004,3.322640441626533,3.3587416429809505,3.2834636900828054,13.0306,60.0146,129.7715,197.0909,256.73199999999997,302.3814,369.17
115,3.092138868988531,3.0610919995419894,3.107544300376697,3.1994355152754035,3.320701207278805,3.2741677502000566,3.3543025902609798,0.3703,78.3031,134.545,190.3946,244.7015,311.2289,363.1647
116,3.1226918295785104,3.117772257653067,3.053509345596401,3.25788132590064,3.299813701860769,3.2522876556216334,3.3992231449258616,3.9911000000000003,61.0449,121.0929,183.6812,241.7863,306.0409,363.73630000000003
117,2.9189756504828974,2.899308940063613,3.026004631320539,3.0527921430783365,3.325644873968453,3.3791289889951384,3.3115817850603744,2.9219,61.9021,137.0522,185.4286,243.1719,304.6471,360.8549
118,2.9912155115229333,3.02997886276097,2.9683005267380045,3.1312198974147027,3.1956401692595255,3.2374511155778154,3.347608701327554,4.159,61.573,129.3229,181.4206,242.7909,300.6779,374.0838
119,2.9781453202744843,3.086233295136798,3.0075032685745704,3.210013989059975,3.306969488611616,3.3294180992700038,3.2972959061264886,12.6699,69.1976,133.3739,194.4751,243.5674,307.862,361.2688
120,2.9579788592519685,2.9057806741385557,3.015598154575482,3.1859836179922296,3.2246848217059814,3.3322710695473043,3.1934899852838283,0.23470000000000002,76.48740000000001,149.8615,181.4567,250.5807,300.3885,367.3832
121,3.036246310624604,2.983380832541807,3.101755298925836,3.265268752155854,3.25005270081429,3.2459949062752362,3.3193183377854165,4.793,62.2797,141.88400000000001,194.5848,252.6232,310.4977,372.0029
122,3.0165668177158165,3.0221146083343253,3.104894341725438,3.1216594136325613,3.2621320334682076,3.3052036349749114,3.172954960672714,0.52,66.8548,132.2711,184.735,264.2234,301.551,361.3338
123,2.950813620740629,2.960377255899573,2.983122424763023,3.1428462048220975,3.290090314646059,3.230270062261988,3.269228856551581,3.0620000000000003,76.0738,122.9396,181.7308,255.4883,301.5458,365.07
124,3.0122982318766405,3.0573894578880263,3.092626655206989,3.128826808865821,3.362536363867842,3.3351355233848903,3.4370745492251005,12.935400000000001,65.8978,124.0067,182.4647,240.7394,301.2043,370.4162
125,3.0150452797397014,3.0055362339525695,3.180684472237488,3.2115385760698802,3.2357818791568804,3.3288832815461435,3.300605661842378,4.9985,70.3214,150.0363,188.7903,242.0877,302.8348,368.2388
126,3.1364526872196783,3.09302575651403,3.1173089664094906,3.2666170332330817,3.413519839549015,3.363596428166761,3.3364366760656834,8.961500000000001,70.786,121.036,185.6942,257.0627,312.567,364.1677
127,2.897460802572991,2.8782618309261774,2.964260374886709,3.2134666924086597,3.3698075647955044,3.3356081971042775,3.3197316688953706,1.5050000000000001,70.0758,124.2724,183.7612,240.2324,304.1829,364.7102
128,3.0020391718375348,3.0319116516889264,3.0733265689781613,3.1435990914363576,3.252285609672879,3.2370765252943907,3.2491668147166517,23.405800000000003,70.5158,120.2766,183.3335,267.0848,300.7075,371.9502
129,3.014494035515533,3.0181188689990925,3.0604155744213766,3.2251486231892983,3.2162239608579446,3.218653055421528,3.173665181625146,9.4014,63.5128,140.55180000000001,186.0352,244.4015,301.1265,365.0185
130,3.0836699248044543,2.962688392679554,3.022239891871091,3.2404359761868324,3.315754349485586,3.3010166325499,3.259370520874087,1.7175,67.1328,130.7562,181.1317,264.4345,300.2234,376.7268
131,2.7941463971272156,2.9271499910209324,2.9537197514015436,3.154443359466611,3.383780302409296,3.3393919358620576,3.371321791864414,1.5887,66.8941,120.8807,192.6137,264.8224,320.0789,365.4958
132,2.9969089588252547,3.0079803446575366,3.087580391211629,3.096806545731006,3.3616980548554736,3.3821567173337916,3.2993879597206615,8.4069,60.6509,123.5863,185.9061,253.8368,324.896,365.2875
133,2.894735716985173,3.0155312566764843,2.998365623162304,3.16207408338743,3.30084187109769,3.2302118433709577,3.267223453069256,8.2974,60.1192,129.2025,182.5521,247.8932,300.1625,365.2047
134,2.9412028961582966,3.115668721666127,3.0770433390168828,3.130270532056799,3.233368332135195,3.2203972171400843,3.3043536674652474,2.9185000000000003,60.8307,140.9553,186.984,244.0896,307.9521,366.0549
135,3.0063539064061704,3.0607714598432945,3.1606676696869562,3.2496485284048386,3.254991676500792,3.438834744196685,3.3502648540255655,1.8703,64.2069,121.634,190.4253,247.8896,311.3557,363.0055
136,2.9916922122397835,2.9388447302781273,3.027749494101125,3.1217292077233347,3.4280244368557318,3.3140022768074653,3.2826724858444587,4.2659,61.1527,120.0346,182.8844,242.6107,307.221,360.7774
137,3.043008474694308,3.0477800580659986,3.0261637749700303,3.1272843136197848,3.2263703670027977,3.2427087892732724,3.3332066231228947,1.2071,66.7215,134.0221,180.6171,242.194,300.6373,382.0281
138,3.0371900450576415,3.08620402222201,3.108105425846728,3.197994347894271,3.3957090357033684,3.3880101803435676,3.374300018162492,0.2752,81.8971,121.2904,181.3225,251.5996,304.6188,363.6652
139,3.0451131941010727,3.0176533079175605,3.070515435378674,3.238505115348354,3.3723652798556127,3.451716311701387,3.46605145487643,3.0527,61.8535,122.7324,181.29,240.0613,301.6115,366.695
140,3.004416467524144,2.8647269743731387,3.0048878466525046,3.189722194625912,3.345951875455516,3.299533485549605,3.376418239090521,1.1840000000000002,68.566,124.0603,189.9824,242.8771,300.771,366.0741
141,2.9059582329717797,2.905082984165954,2.8926291632156773,3.1789977516497023,3.3644559123293365,3.2844690383279516,3.260271134097923,10.481200000000001,65.807,121.4917,182.2669,240.7787,300.8385,365.1467
142,3.0462788483676078,2.9690383220777754,3.0419058739224525,3.0940202796397465,3.2634889586842193,3.3108209021426007,3.155240853040979,0.3924,70.9937,125.487,184.1164,249.0044,318.5974,362.4713
143,2.9883553327872914,2.957917109839079,3.020094611069138,3.1732844223401675,3.3535336513517278,3.4264868274807676,3.29217482529749,13.177000000000001,62.2443,123.8482,201.6979,247.3469,318.0845,380.6996
144,2.933458495866309,2.927260119679181,2.9280212772635683,3.1797394394646634,3.31914956943601,3.2518348147671308,3.237358767180169,3.0377,60.9541,126.9882,185.837,242.0052,300.0383,363.7806
145,2.9622624663318686,3.04453379176188,3.036951348249765,3.190180178324443,3.321259880290662,3.263470185932627,3.2742261400392416,16.0671,60.2597,121.354,182.682,252.8682,305.7368,361.6213
146,2.9691680825044386,2.9396446214234406,2.939801663954488,3.2639607872990144,3.408058754624779,3.353830972652434,3.296260296687202,0.21330000000000002,67.1151,128.6132,191.4666,249.7905,301.6045,362.1629
147,2.985204008845643,2.9746306100048145,3.0545437040550127,3.105067480869465,3.2988303327440756,3.3280968883167894,3.242510861279485,1.3881000000000001,61.0349,138.3809,181.7337,242.3959,309.1969,367.4833
148,3.1292349474795564,3.0484477955224905,3.0052524331816364,3.241854517109836,3.339369863508495,3.340191032359978,3.3937983385628145,3.8393,63.8057,120.9452,195.9896,243.3981,313.2353,361.2505
149,2.9775711031510563,3.024122337048801,3.086281824507597,3.205044053691195,3.443046958613588,3.392498510377464,3.3821378604649954,1.9119000000000002,66.957,124.9056,190.2663,241.0176,312.5723,372.0021
150,2.9793376388034045,3.003500929397327,3.066877764102741,3.1088495780686496,3.2158835757963935,3.250753801185185,3.2913789547323606,6.5986,75.6847,120.4424,201.0455,266.2895,300.494,360.9036
151,3.0904066573706026,3.029427076443703,2.9578695136518958,3.0686259922824743,3.352693673080605,3.2525570607805845,3.250756945376337,17.2783,61.4956,130.3872,196.6049,242.7426,305.5187,373.6749
152,3.0184316558904736,3.002721491487441,2.961463475661042,3.162273509710663,3.2989290192831953,3.324856365972765,3.155572802001632,16.2146,69.8346,124.4804,191.00130000000001,240.2265,300.8986,363.1122
153,2.901327081944972,2.9099273539662085,2.9613558665493938,3.2174647350162298,3.44506556385198,3.474072314294092,3.432792201083796,28.948400000000003,63.8336,126.9628,186.35,241.0524,306.9412,364.1779
154,2.984523600511188,3.051593912698211,2.9603764731170186,3.1311281476989525,3.2627024605795643,3.4007138654041924,3.2584540572225134,19.7145,60.9636,122.5269,190.7795,242.2453,303.9811,366.3815
155,3.0677024654466267,3.071493156068927,3.036077506006949,3.157649164678489,3.331224142633025,3.278598966865471,3.274867652508141,13.2043,61.38,122.1829,185.2354,253.7896,300.9001,369.2715
156,3.053313141322898,3.128156578314202,3.127144183008352,3.2314414556735707,3.3700238762504067,3.3931541351967276,3.3074532829456715,19.1388,60.4663,131.1441,180.8433,244.2773,306.4883,364.0595
157,2.8950057365437267,3.051874209550655,2.8611511117458193,3.2507028833849754,3.364285182225719,3.369580080851259,3.3241715228609987,21.4506,70.9461,125.8449,198.803,251.39339999999999,305.0442,361.1466
158,3.015411657436844,3.1404052184386746,3.1318987433855434,3.370519285115653,3.341248502740102,3.4290683325931446,3.419708545088972,7.7469,64.4811,121.0883,186.0163,246.1932,300.8864,361.7006
159,3.074155865919866,3.019319397264425,3.09211927973516,3.192741126948763,3.3152488490209118,3.3132668532480265,3.300927883465628,3.4674,62.4026,121.3529,183.455,242.1067,304.6349,360.3459
160,3.044493773605029,3.1112969325131457,3.0170265680800585,3.305994781573975,3.42183307847462,3.445491504573718,3.4705928787326155,34.0199,60.7258,124.2851,201.5182,242.6311,300.5345,360.2124
161,3.0587257954226352,3.127046687836801,2.960573589351736,3.2835264212535504,3.3122407889929684,3.3544441257357698,3.3306781162354455,5.2153,62.1184,131.1585,186.8748,243.0949,306.8,363.4591
162,2.992639574487963,2.998708715535574,2.9985133305873455,3.145949392559976,3.3925461723560293,3.336071215447909,3.364458653646984,5.0286,62.088300000000004,123.2955,181.1972,259.2955,303.5531,362.732
163,2.9710227289150466,2.9816638128675312,3.0682830016371,3.103013680319248,3.172384217910116,3.31048289787906,3.150299424781236,15.929,62.5901,135.0954,181.8821,255.9593,300.2627,367.8308
164,2.944735506050381,2.9810660984324295,3.0738687063211216,3.1815143734151463,3.3653513239748762,3.3095691009993033,3.302253512547262,5.6379,64.051,127.1505,182.3261,250.6487,309.3556,362.7193
165,2.9379338023411306,2.9193202796411106,3.094369112893767,3.107613400623451,3.2463158300471777,3.290538850681231,3.2888534753659426,1.0321,60.8434,126.7734,183.8092,247.8605,302.0998,366.0264
166,3.017616800957539,2.96834286204019,3.071767897529128,3.0643799212704113,3.2243542381410246,3.3668293805414438,3.172895076189775,9.897400000000001,64.7712,122.1017,186.2373,255.422,300.6993,367.9497
167,3.0372586388150453,3.0686439913940413,3.0354383409886223,3.1747887934130286,3.2651053152516742,3.3681897418392586,3.3237161465655234,12.3952,61.2189,122.4401,203.2887,247.8534,313.3215,371.1914
168,3.011580434160792,2.923595956734649,3.068617441941772,3.2050400353417596,3.290707601548848,3.355721128013187,3.3349154626764146,4.3446,70.3006,128.9412,189.9088,247.9414,302.2555,366.7909
169,2.9538679773425507,3.0395256344903716,2.9877574410058902,3.1180430086993174,3.2572802305922286,3.3542257994144036,3.1731242348038626,8.3328,69.0781,128.7385,188.4671,243.0346,303.6321,363.0802
170,3.0114454561103274,2.9660928665328754,3.05358463098855,3.1124253207041077,3.274051809588487,3.3659938527498476,3.364881176314023,4.3415,61.7192,130.5328,183.9052,240.9718,304.5376,366.4259
171,3.009671945970788,2.946776201555487,3.0230307630573785,3.198275828871114,3.363110725866674,3.4115681626802474,3.380340542759765,12.244800000000001,61.6357,131.6499,188.5914,240.7959,304.149,362.0921
172,3.167373749442127,3.0929632176531556,3.1761785726040825,3.281660075960804,3.4406962536463013,3.3841255842759974,3.3615717661532742,0.12890000000000001,64.4915,122.0605,182.6592,240.0676,305.5555,365.9978
173,2.9517466708181086,3.0221871839399523,2.9756260636872103,3.3090274481569533,3.3603012444998566,3.4900388620371543,3.482147551406135,8.533100000000001,87.2654,120.4529,180.8713,253.2363,300.1649,363.8959
174,2.8938342711264062,2.95717657151011,3.0463447337349936,3.254224608988634,3.2568364826478478,3.2100132752824004,3.2386272445696003,10.1719,62.0748,124.8901,190.1275,245.8515,308.9647,363.743
175,3.0099755638807,3.0329508894317403,3.132524261225312,3.2986867192745466,3.3502107707758175,3.347700463884569,3.391109480942896,0.8229000000000001,60.8956,122.8809,186.2104,245.0788,307.2784,362.9528
176,2.8763445865142727,2.9754821439953414,2.9585601670838595,3.3069957754913006,3.37804483065133,3.423457309426859,3.4112571567010503,6.023000000000001,60.8877,135.454,197.3443,263.5536,301.4312,364.1677
177,3.0267902867580845,2.9836043051711316,2.9608572249779166,3.0773344643879224,3.145420461081687,3.1937645772532677,3.1918977472563275,5.163200000000001,63.0629,122.1552,183.1366,243.9171,305.536,363.41610000000003
178,2.906590206273486,3.0866327546350023,3.0095370984150924,3.2274617949780793,3.295627659708707,3.2888429974063667,3.4006060129967026,3.8788,71.7139,120.2488,186.0245,257.7375,306.1114,388.5161
179,2.887183501991724,2.9164543576810256,3.1049339731287153,3.281842586599579,3.2586194237017585,3.225317164644001,3.3370821366193915,9.0553,73.6507,133.1466,188.6956,240.0449,301.5481,373.49490000000003
180,3.030040244867083,3.051124186555579,3.1349437315232422,3.180125598137111,3.3362930274222946,3.2684588754446455,3.1618665264716976,3.7483,61.6056,135.7151,186.9035,240.3362,311.3539,363.2807
181,3.168024870468282,3.028458846028978,3.1598555615879085,3.3422821402666627,3.2764521922489,3.3415028790738797,3.384361664383843,1.3216,68.6367,124.9015,184.5357,240.0275,306.341,360.4377
182,3.010266261013366,2.9754457651983888,3.0253847723859626,3.1331405455208996,3.296576187620977,3.239022749338171,3.3108696869442666,20.5709,70.9337,125.4197,183.7196,249.4255,301.7178,364.2612
183,3.081455928708335,2.9873781194682563,3.1522192984279256,3.102177195466094,3.188228723931507,3.2080327015559438,3.312684669657851,8.5004,61.6294,123.7914,189.9864,251.7688,306.9342,362.2396
184,2.938429523985259,3.035173286685068,2.9547644201900454,3.24501727743951,3.264160392807754,3.301335585856504,3.228946181403794,9.8735,85.5668,135.0067,184.1933,247.8208,300.545,361.1467
185,2.9712489904319153,3.1414198140656557,3.1273771912712487,3.1069082923075757,3.30442851581129,3.4094717876175253,3.218399398239042,6.2433000000000005,61.7442,123.9559,183.9556,250.8836,303.4699,364.7202
186,2.9595228576696417,2.949289159140727,3.126544807115405,3.2534625299175817,3.303431302709004,3.4149824893146343,3.2937524956280657,12.2926,80.8631,142.3162,180.5691,241.7468,300.7711,367.1806
187,3.0287324719010504,3.0299598737681195,2.997568784372539,3.13014041010813,3.3724107302829416,3.403928098984849,3.4449535856585274,0.0356,65.0723,128.2939,189.6349,241.8605,323.1075,371.0155
188,3.0768386351069306,3.0586197700071582,3.090507560267788,3.161258263672521,3.1329733438106326,3.272222706740257,3.226399817206869,16.4826,64.1673,127.0325,188.8363,244.8438,309.7484,361.6014
189,2.956022446710889,2.8835328827007922,2.9501115556480686,3.100958104264489,3.261004798411289,3.2702812642869183,3.303855787624085,9.8862,60.6614,135.5523,180.4519,241.0755,300.8513,363.0021
190,2.9617093929795373,2.9200334834566504,2.9269770628201064,3.311778832518805,3.275059816670908,3.2773319091238773,3.363627726706586,2.4223,60.1924,122.472,186.1236,240.2943,302.5604,365.4657
191,2.9970448489981503,2.9703093590997254,3.0871885956986604,3.2599435785178428,3.432450665110914,3.2776253720879223,3.3043394714874377,4.2692000000000005,63.2098,121.4429,191.7929,253.8257,327.776,362.9133
192,3.009392637394921,3.0196836258683977,3.0692043354285583,3.236831098353198,3.265843541062452,3.4190759666932804,3.358611238851959,6.570200000000001,60.2063,125.4519,190.135,269.8689,300.5454,369.2435
193,3.02058650820701,2.987791734939527,3.077632159406557,3.1946042417288076,3.223016027052287,3.3788979413256404,3.2659069971916037,21.2113,62.2309,152.1747,184.5498,245.0997,319.06510000000003,368.0384
194,3.1395126170233207,3.146570496502811,3.087574727190944,3.129583858463034,3.3331924771517776,3.3145719567315326,3.227616146994993,5.137700000000001,61.2467,126.8027,182.4933,240.6223,312.09,365.2101
195,3.08006750945021,3.010393241686173,2.934415623989278,3.228746269061478,3.284486864880446,3.252934793589087,3.2698216067941948,5.5679,62.1232,128.6097,195.9019,244.5649,305.4332,361.0201
196,3.1332073791963215,3.1452540839168166,3.1754282934710085,3.216697103324617,3.2742739128709664,3.3884167440137936,3.3519689296378625,3.9947000000000004,65.6354,123.6665,194.1589,251.9478,305.1333,360.3012
197,2.975196643663867,2.940045613040354,2.8889239961929634,3.164310392097974,3.380514625580432,3.393248664310443,3.481030142706992,16.0453,60.8936,141.14600000000002,181.6449,240.3838,313.4513,364.2012
198,3.088322098925671,3.0024449266723434,2.989267144927021,3.181020155515112,3.3099230533572364,3.3217764072790406,3.241251799948592,7.809900000000001,74.2123,126.2063,180.4788,247.1518,310.6528,372.7126
199,3.0248337887341137,3.043113895826585,3.004708676563073,3.128730156958331,3.3318907945099374,3.3390468261188557,3.2999864627681608,5.671,83.3338,129.48930000000001,197.1603,241.5643,304.0844,363.7421
200,2.870708779096805,2.960228083653165,2.9836075825933435,3.3338813175507354,3.527969742574821,3.4670213905570018,3.3669636451050193,2.0844,68.496,128.9539,212.0284,246.4913,306.7648,360.9276
201,2.9510956062034035,3.0932043574288994,3.052267351997633,3.090438951571963,3.367436066188303,3.3631471807178333,3.2456109463142266,1.3318,85.0687,120.2835,180.8977,240.7235,301.0342,366.2406
202,3.0074942408143874,3.020470391825205,2.9883997986851507,3.120809589316492,3.317046440720068,3.2650407660108183,3.1981399293530384,8.3641,62.3361,121.9126,181.6008,252.4806,301.6164,365.2399
203,3.049275208835849,2.997665637157416,3.0513050665224695,3.249600912536591,3.3903379893138172,3.467831657233435,3.4389493911818754,8.2216,65.9106,124.0359,184.8244,244.9799,304.2522,362.3516
204,3.0156301734019832,3.0603424867559275,3.0604608466672985,3.184149518103124,3.3147605324385254,3.233434350996762,3.136228817547223,14.028500000000001,60.3594,124.4342,184.0751,242.7516,301.9156,360.8004
205,2.9612235106925615,2.991455066047266,3.0458211132319977,3.1132761643870333,3.260029927609952,3.258763143442071,3.264313103259476,0.6755,60.1861,129.2025,195.5816,242.7687,306.7845,376.8537
206,2.976800977368642,3.037713905284572,2.9813227880857096,3.0489112224490262,3.187133204069897,3.218614181358087,3.183467845406998,10.6018,63.4794,128.5116,182.9437,247.7844,302.6481,370.7221
207,3.004012118187875,2.9920078006407853,3.061040925714333,3.1776768839033473,3.309140593667826,3.302822368732154,3.2736869627578984,1.0036,61.6154,127.4284,185.3714,241.4625,303.0179,362.0643
208,2.9797787486083744,2.993074716770909,2.9854500446161225,3.2674402120814294,3.4488035733472,3.3056054540816375,3.3165787667438837,3.4452000000000003,75.4868,126.9918,197.4778,247.0976,304.4046,369.6265
209,2.92300692862904,2.912273215259726,2.9719217827186184,3.156737900242243,3.3152014742143656,3.2426498542355615,3.1897763123618343,8.8865,64.6386,120.9281,189.6048,242.6174,319.3035,362.1297
210,2.9214803538270835,3.014459910090002,3.0562834144231608,3.162977343546319,3.3302396925980204,3.373476632688558,3.2934113240644862,1.9593,62.69,133.7404,190.9365,248.3037,309.2405,371.6551
211,3.1025282274412644,3.0156762376799957,3.1758279084306538,3.2575606574321694,3.31456098793169,3.3433835489915165,3.28263212531079,6.7978000000000005,67.8901,122.26,183.9953,243.4625,303.6815,363.3978
212,2.970165660216241,3.0316439922396468,3.007123836077679,3.1393296578245873,3.196652675710054,3.2891720155612187,3.290774769030926,4.466,64.9727,122.8289,181.4032,254.8856,310.4482,376.5547
213,2.9583478694025294,3.0277994968956037,3.037493862915677,3.123251396815162,3.337319370646341,3.3274733502557337,3.2692775274699946,4.0904,60.2165,122.5678,180.1117,241.2121,300.4022,381.1408
214,3.053766359050592,3.0741034270261673,3.1718952285617283,3.3039234809530322,3.207773887289132,3.3072303123703866,3.2559502366621453,0.1791,75.5886,128.5438,180.7522,242.3726,300.5729,365.8933
215,2.8526197583915853,2.971221425607012,2.9667900386255135,3.1945902059916405,3.3306369686939354,3.3677205978753775,3.257278190303111,0.44730000000000003,65.9923,121.1946,185.7963,261.4992,302.8091,362.6321
216,2.969181987238588,3.0882056859963054,3.0355425151337503,3.2124340078466385,3.293831484908549,3.3005465090114274,3.280379352920033,0.0843,62.0104,142.0583,184.4196,266.8528,309.538,365.2415
217,3.017179004592577,3.069957781330641,3.0505301048014397,3.20171809090951,3.257820650120346,3.220932395246585,3.335982514711964,0.07640000000000001,62.0969,122.3891,191.3617,245.0784,301.2556,368.4315
218,2.953274067001231,2.9379977318527093,3.0109314581556488,3.193659522131953,3.2289714469633055,3.3053578782765984,3.2557919390712198,1.2758,64.098,122.5242,194.2737,249.9309,302.2604,373.5314
219,3.040513813418604,2.9597667574742483,3.0738124559388695,3.150868520350589,3.3320243098560827,3.391710836716266,3.33692445778553,3.3304,62.3307,131.6584,185.1403,242.5206,306.7708,368.0832
220,2.880704744343402,2.8817594831758178,2.8973616871741785,3.0668300898743306,3.3249555479452955,3.318884195522004,3.350227656802352,6.0339,61.4086,124.2747,193.398,264.8857,310.2075,361.9732
221,2.9401854037162543,2.9350943621026215,2.989753214946754,3.0556988315661466,3.259932267868166,3.2231325211518413,3.268205169090539,8.941600000000001,65.8902,123.1303,188.5724,242.1552,300.5123,361.0829
222,3.0070592759441928,3.0822835099500234,3.071406611972995,3.167904469313393,3.3526905526597792,3.2872941742420307,3.3245697045810494,12.216700000000001,60.0257,125.8025,183.7233,254.0145,310.4263,365.4354
223,3.1107028252795454,2.998785969774334,3.0082541445023767,3.0838420781597042,3.359297883214399,3.3708380836855305,3.3471859465578833,0.3879,63.3136,126.5616,182.0436,240.6342,324.6144,377.4864
224,2.984645043445783,3.0500970501708364,3.0343859960355553,3.265176930289413,3.288286326242006,3.2478199854374066,3.2252366661660137,5.6748,75.2565,126.6657,188.082,242.7008,300.3661,363.7931
225,2.988046655866772,2.893395680780352,2.945215974575332,3.0878918917375247,3.338737862904328,3.2670140230226035,3.366442231335218,2.3474,66.6144,121.6104,183.6934,240.6427,306.1083,368.536
